project	language code	Total number of edits	Total number of unique editors	Total number of pages	Average number of edits per month (last 3 months)	Average number of editors per month (last 3 months)	Total number of bytes added (last 30 days)	Total number of bytes removed (last 30 days)	prefix
Wiktionary	wuu	71239	47	34374	1992	6	0	0	Wt/wuu
Wikipedia	grc	35081	1366	4574	2983	145	8742	-3460	Wp/grc
Wiktionary	kbd	33225	38	13372	4974	9	7541141	-2304	Wt/kbd
Wiktionary	lmo	28907	186	8569	3118	21	0	0	Wt/lmo
Wikipedia	ami	28874	200	1564	2647	28	0	0	Wp/ami
Wikipedia	khw	28208	461	10504	2892	98	6682	-219	Wp/khw
Wikipedia	tly	27640	427	8284	3061	56	4954	-3107	Wp/tly
Wikipedia	arq	26435	941	1551	6201	264	255746	-69985	Wp/arq
Wikipedia	mnc	21943	209	4295	1558	41	16804	-4943	Wp/mnc
Wikipedia	bgn	15355	210	8112	2971	33	1041	-435	Wp/bgn
Wiktionary	mnc	15191	38	7537	376	5	0	-18	Wt/mnc
Wikipedia	guw	14826	56	793	3228	21	0	0	Wp/guw
Wikipedia	nys	14063	246	1039	1080	36	2	-15	Wp/nys
Wikipedia	fit	12605	139	1962	379	13	0	0	Wp/fit
Wikipedia	sli	11734	268	1868	931	51	0	-18	Wp/sli
Wikipedia	cnr	11516	288	2155	747	43	3478	-2678	Wp/cnr
Wikipedia	akz	11446	66	2710	1289	5	64	-9	Wp/akz
Wiktionary	war	11442	48	10481	1362	8	6	-12	Wt/war
Wikipedia	kcg	10842	96	1206	1232	16	9644	-2646	Wp/kcg
Wikipedia	kjh	10698	179	2871	1393	34	18654	-8417	Wp/kjh
Wikipedia	sdc	10279	133	1923	827	18	56472	-3926	Wp/sdc
Wiktionary	guw	9665	27	1222	2017	15	103422	-5839	Wt/guw
Wikipedia	blk	9532	111	2477	931	15	1444099	-2349	Wp/blk
Wikipedia	cop	9446	162	2268	357	21	147	-144	Wp/cop
Wikipedia	yua	9230	368	1470	896	37	2601	-27	Wp/yua
Wiktionary	ig	9206	260	2117	661	21	185554	-22701	Wt/ig
Wikipedia	zgh	9166	418	1693	1054	75	108	-6	Wp/zgh
Wikipedia	liv	9111	230	1328	821	33	0	-21	Wp/liv
Wiktionary	sat	8941	36	1277	623	9	1920984	-65069	Wt/sat
Wikivoyage	ar	8824	1003	1787	673	106	85	-131	Wy/ar
Wikipedia	ryu	8733	324	3108	632	43	572720	-48582	Wp/ryu
Wiktionary	pms	8587	66	3095	673	12	1042	-90	Wt/pms
Wikipedia	krl	8518	311	2504	966	57	87	-8	Wp/krl
Wikinews	hu	8462	313	1389	764	44	119	-30	Wn/hu
Wiktionary	sco	8311	701	1847	332	94	0	0	Wt/sco
Wikipedia	qug	8255	96	2126	776	14	268	-8	Wp/qug
Wikipedia	enm	7995	716	1100	1019	85	64945	-1836	Wp/enm
Wikivoyage	diq	7598	114	1914	410	19	67	-81	Wy/diq
Wikipedia	nog	7386	90	1233	607	16	9614	-1351	Wp/nog
Wikinews	az	7384	95	2203	1195	22	285	-174	Wn/az
Wikipedia	lki	7078	80	3459	145	14	530	-568	Wp/lki
Wikipedia	tvx	6847	15	2156	874	4	0	-24	Wp/tvx
Wikiquote	pnb	6512	73	620	886	17	25	-3	Wq/pnb
Wikinews	cdo	6452	53	1140	506	7	0	0	Wn/cdo
Wikipedia	hil	6406	137	2227	756	19	18	-1128	Wp/hil
Wikipedia	kum	6365	132	1029	433	28	388	-75	Wp/kum
Wikipedia	tzm	6266	350	973	605	43	43	-21	Wp/tzm
Wikipedia	vmf	6082	662	722	636	76	3414	-48	Wp/vmf
Wikinews	ur	6059	48	3133	1965	11	109235	-112474	Wn/ur
Wikipedia	pwn	6003	73	186	279	12	0	0	Wp/pwn
Wikipedia	anp	5965	204	2231	791	30	487871	-57450	Wp/anp
Wikivoyage	id	5695	135	1351	912	28	92707	-28880	Wy/id
Wiktionary	ary	5589	78	1557	327	18	0	-3	Wt/ary
Wikipedia	qwh	5550	90	1007	132	10	160	-15	Wp/qwh
Wikipedia	guc	5494	233	713	206	21	768	-121	Wp/guc
Wikipedia	kiu	5346	121	1153	495	19	5	-21	Wp/kiu
Wiktionary	tcy	5311	33	1293	414	10	6007	-30	Wt/tcy
Wikipedia	rif	5270	329	611	213	31	5	-3	Wp/rif
Wiktionary	azb	5184	29	3888	884	4	1	-78	Wt/azb
Wikipedia	btm	5053	193	2399	747	30	5380	-631	Wp/btm
Wikipedia	arn	5002	289	729	422	40	765	-544	Wp/arn
Wikipedia	brh	4942	142	1459	111	10	0	0	Wp/brh
Wiktionary	ba	4908	45	1534	761	7	0	0	Wt/ba
Wikipedia	bbc	4844	116	883	436	19	1243	-205	Wp/bbc
Wikinews	vi	4749	180	1234	425	20	2129	-1	Wn/vi
Wikipedia	pcm	4624	104	565	509	23	98272	-4561	Wp/pcm
Wikiquote	bn	4515	66	539	835	18	132903	-8329	Wq/bn
Wikipedia	cpx	4383	98	2619	209	21	52	-12	Wp/cpx
Wikipedia	ssf	4368	72	1458	324	10	0	0	Wp/ssf
Wikiquote	as	4230	41	743	406	13	106866	-6179	Wq/as
Wikivoyage	ko	4208	216	636	217	28	105	0	Wy/ko
Wiktionary	zea	4163	100	1085	255	15	263470	-985	Wt/zea
Wiktionary	lzz	4057	14	3867	1331	2	0	0	Wt/lzz
Wikipedia	lus	4043	189	1075	1132	24	0	0	Wp/lus
Wikiquote	tl	4026	51	1744	445	8	83556	-248	Wq/tl
Wikipedia	jje	4024	73	1044	321	10	1232	-9	Wp/jje
Wikipedia	rwr	4018	290	454	456	48	2562	-6	Wp/rwr
Wikipedia	rmc	3782	35	1504	662	9	180507	-3918	Wp/rmc
Wikipedia	bcc	3684	120	1552	104	15	43	-18	Wp/bcc
Wikipedia	rbl	3682	16	1659	2	1	0	0	Wp/rbl
Wikiquote	bcl	3656	39	882	455	12	1446	-136	Wq/bcl
Wikipedia	bto	3619	71	1946	45	7	86	0	Wp/bto
Wiktionary	arq	3547	25	1136	91	5	0	0	Wt/arq
Wikipedia	izh	3449	100	935	383	22	527	-3	Wp/izh
Wiktionary	arz	3431	102	601	103	11	0	-3	Wt/arz
Wikiquote	ne	3392	35	574	463	7	0	0	Wq/ne
Wikiquote	ig	3303	70	1455	839	23	2099239	-22973	Wq/ig
Wiktionary	gan	3298	52	938	31	4	90	-6	Wt/gan
Wikipedia	dar	3140	110	661	436	20	189	0	Wp/dar
Wikiquote	tg	3108	25	2363	91	7	0	0	Wq/tg
Wiktionary	nrf	3105	20	1590	280	4	40	0	Wt/nrf
Wikipedia	nod	3072	81	766	220	8	3951	-69	Wp/nod
Wiktionary	ban	2968	34	1164	112	5	2878	-4490	Wt/ban
Wikiquote	guw	2907	12	198	991	10	71275	-2024	Wq/guw
Wiktionary	bm	2871	21	1889	57	2	21789	-65	Wt/bm
Wiktionary	bjn	2832	22	1099	677	6	5269	-529	Wt/bjn
Wikipedia	sdh	2754	78	904	269	14	0	-3	Wp/sdh
Wiktionary	kcg	2748	26	122	620	12	89319	-13274	Wt/kcg
Wikipedia	fkv	2659	107	695	395	17	0	0	Wp/fkv
Wikipedia	ckt	2600	110	722	430	17	26	-9	Wp/ckt
Wiktionary	ssf	2597	12	1455	6	1	0	0	Wt/ssf
Wikipedia	lzz	2590	88	900	298	13	0	-3	Wp/lzz
Wiktionary	lus	2549	22	1217	469	5	0	0	Wt/lus
Wikivoyage	da	2531	90	478	385	18	53	0	Wy/da
Wiktionary	gor	2506	17	513	169	6	39318	-18	Wt/gor
Wikipedia	pzh	2481	26	593	447	5	105008	-21023	Wp/pzh
Wikipedia	rgn	2471	199	139	339	40	0	0	Wp/rgn
Wikivoyage	shn	2386	15	1189	564	8	0	0	Wy/shn
Wikipedia	ii	2360	117	904	149	10	0	0	Wp/ii
Wikivoyage	th	2341	83	349	271	14	13500	-1361	Wy/th
Wikipedia	sro	2308	43	572	576	6	210333	-320	Wp/sro
Wiktionary	lad	2296	29	600	286	5	0	-12	Wt/lad
Wikipedia	kjp	2294	66	797	8	5	28	0	Wp/kjp
Wikinews	ms	2253	85	507	46	8	13410	-15810	Wn/ms
Wikivoyage	cs	2214	172	545	345	34	43	0	Wy/cs
Wiktionary	pam	2119	50	502	526	6	0	0	Wt/pam
Wikipedia	sty	2069	103	362	273	19	34	-3	Wp/sty
Wikivoyage	ka	2053	51	297	163	8	0	0	Wy/ka
Wikinews	ppl	2011	33	274	334	6	0	-3	Wn/ppl
Wiktionary	sc	1997	29	344	7	2	0	0	Wt/sc
Wikipedia	nch	1993	44	256	326	8	0	0	Wp/nch
Wikivoyage	ca	1961	93	92	35	5	44	0	Wy/ca
Wikibooks	shn	1958	14	1368	69	4	121451	-1638	Wb/shn
Wikinews	th	1936	141	453	72	14	0	-6	Wn/th
Wikinews	lt	1900	55	186	87	10	0	0	Wn/lt
Wikiquote	or	1888	63	398	70	5	33	0	Wq/or
Wikipedia	hrx	1875	35	343	207	6	30	0	Wp/hrx
Wikipedia	pdt	1872	169	378	123	13	0	-3	Wp/pdt
Wiktionary	mwl	1871	29	712	592	6	0	-21	Wt/mwl
Wikipedia	brx	1866	66	693	127	6	2122	0	Wp/brx
Wiktionary	ksh	1858	11	420	1	1	0	-9	Wt/ksh
Wikibooks	jv	1848	250	398	217	25	0	0	Wb/jv
Wikivoyage	ml	1846	73	246	91	9	43	-6	Wy/ml
Wikinews	bn	1801	61	565	243	11	0	0	Wn/bn
Wikipedia	krj	1801	93	371	294	14	0	0	Wp/krj
Wiktionary	gag	1789	30	1359	46	3	10	0	Wt/gag
Wiktionary	ik	1754	70	188	110	15	0	0	Wt/ik
Wikipedia	sxr	1741	50	465	150	6	0	0	Wp/sxr
Wikipedia	ase	1741	44	497	321	9	0	0	Wp/ase
Wikipedia	mic	1700	39	526	248	9	0	-39	Wp/mic
Wikivoyage	azb	1697	22	784	8	3	0	-3	Wy/azb
Wikiquote	tt	1673	62	361	64	8	5857	-17	Wq/tt
Wikinews	ka	1666	40	586	128	7	0	-3	Wn/ka
Wiktionary	za	1663	71	224	77	11	0	0	Wt/za
Wikipedia	tvl	1607	80	250	48	8	0	0	Wp/tvl
Wikipedia	syl	1594	41	521	43	5	0	-12	Wp/syl
Wikipedia	mui	1579	84	262	134	14	1521	0	Wp/mui
Wikipedia	ppl	1564	82	209	100	14	214	-3	Wp/ppl
Wikipedia	fon	1557	52	348	122	10	23	-290	Wp/fon
Wikipedia	nhn	1523	29	427	371	7	0	0	Wp/nhn
Wiktionary	mhr	1512	18	720	4	2	7	0	Wt/mhr
Wikipedia	bbj	1507	93	392	149	6	0	0	Wp/bbj
Wikipedia	esu	1497	54	416	107	5	0	0	Wp/esu
Wiktionary	lag	1485	16	1145	94	3	20	0	Wt/lag
Wiktionary	mh	1482	11	608	159	3	0	-24	Wt/mh
Wikipedia	vot	1455	102	296	245	19	471	0	Wp/vot
Wikipedia	pmf	1453	28	748	122	5	0	-6	Wp/pmf
Wikibooks	nia	1443	17	414	344	8	176385	-6588	Wb/nia
Wikinews	id	1426	97	387	89	13	12481	-24	Wn/id
Wikivoyage	sk	1409	46	283	268	8	0	-3	Wy/sk
Wikipedia	kip	1399	39	171	20	5	20	-6	Wp/kip
Wiktionary	lij	1373	20	570	58	2	0	0	Wt/lij
Wikipedia	cak	1367	123	307	91	6	2182	0	Wp/cak
Wiktionary	jam	1356	21	132	123	4	0	0	Wt/jam
Wikipedia	ng	1311	180	91	123	27	0	-24	Wp/ng
Wiktionary	szl	1304	24	367	266	5	0	0	Wt/szl
Wikipedia	sjd	1298	74	304	235	15	0	0	Wp/sjd
Wikipedia	slr	1285	117	422	93	17	39	0	Wp/slr
Wiktionary	haw	1279	13	541	233	2	0	0	Wt/haw
Wikipedia	vmw	1269	93	410	87	13	196293	-1276	Wp/vmw
Wikipedia	lkt	1268	97	334	166	9	0	-96	Wp/lkt
Wikiquote	yue	1255	45	448	104	8	28	-471	Wq/yue
Wikipedia	sms	1204	22	308	71	6	229	-75	Wp/sms
Wikipedia	goh	1199	52	499	216	10	0	-9	Wp/goh
Wikipedia	ksw	1197	31	371	12	2	0	0	Wp/ksw
Wikinews	jv	1191	43	286	57	6	71	-52	Wn/jv
Wikinews	hi	1139	64	307	97	9	188	-188	Wn/hi
Wikivoyage	lv	1129	33	330	150	6	421	-669	Wy/lv
Wikipedia	ote	1097	55	147	39	5	0	0	Wp/ote
Wikivoyage	bcc	1091	15	1067	3	2	7	0	Wy/bcc
Wikipedia	frs	1087	26	224	29	5	0	0	Wp/frs
Wikipedia	wym	1083	73	210	65	12	0	-6	Wp/wym
Wiktionary	ht	1082	59	440	26	6	318	0	Wt/ht
Wiktionary	vep	1080	31	490	235	7	0	-9	Wt/vep
Wikipedia	hsn	1077	100	166	54	11	0	-6	Wp/hsn
Wikipedia	bdr	1063	37	402	153	9	460	-445	Wp/bdr
Wikinews	nan	1050	26	317	25	3	0	0	Wn/nan
Wikipedia	yai	1042	80	308	306	18	17	-1199	Wp/yai
Wiktionary	ryu	1038	17	553	22	3	0	0	Wt/ryu
Wiktionary	cdo	1020	13	494	6	1	0	-3	Wt/cdo
Wiktionary	pcd	1014	28	823	82	6	0	0	Wt/pcd
Wikipedia	hz	1008	151	126	85	21	0	-3	Wp/hz
Wikipedia	yrk	996	100	158	98	16	60	0	Wp/yrk
Wikipedia	mnp	996	64	335	219	15	0	-27	Wp/mnp
Wikiquote	ms	981	77	271	30	8	5221	-6791	Wq/ms
Wikinews	lad	957	13	172	3	3	0	0	Wn/lad
Wiktionary	zgh	946	15	132	3	1	0	0	Wt/zgh
Wikinews	diq	938	19	376	97	3	0	0	Wn/diq
Wikipedia	bnn	934	62	246	30	6	8402	-1171	Wp/bnn
Wiktionary	ksw	928	11	558	2	1	0	0	Wt/ksw
Wikipedia	dis	928	8	426	23	1	0	-5352	Wp/dis
Wikiquote	ba	923	41	45	168	9	0	0	Wq/ba
Wiktionary	myv	914	21	418	63	2	0	0	Wt/myv
Wikipedia	sma	911	89	234	94	9	0	0	Wp/sma
Wiktionary	pap	901	14	422	135	2	15	0	Wt/pap
Wikipedia	dtp	895	42	273	112	9	43	0	Wp/dtp
Wikinews	ne	887	39	206	36	4	0	0	Wn/ne
Wiktionary	yrl	880	17	220	26	1	0	0	Wt/yrl
Wiktionary	ckb	878	26	469	123	4	163	0	Wt/ckb
Wikipedia	osi	874	72	264	40	7	0	-1	Wp/osi
Wikinews	tg	856	25	469	5	3	0	0	Wn/tg
Wikivoyage	ur	852	30	317	107	4	0	0	Wy/ur
Wikibooks	co	845	231	29	58	18	0	0	Wb/co
Wikipedia	blc	827	18	202	16	3	0	-129	Wp/blc
Wikibooks	diq	826	25	155	99	3	0	0	Wb/diq
Wiktionary	kab	825	46	473	94	5	22	-46	Wt/kab
Wikipedia	gpe	821	15	221	34	3	116767	-3614	Wp/gpe
Wikipedia	cho	817	100	126	41	14	0	-3	Wp/cho
Wikibooks	lad	815	15	478	80	2	0	0	Wb/lad
Wikipedia	non	815	87	153	39	11	0	0	Wp/non
Wikivoyage	mr	808	26	139	104	6	0	0	Wy/mr
Wikivoyage	ta	807	43	298	186	9	537	0	Wy/ta
Wikipedia	frc	801	91	184	51	8	0	0	Wp/frc
Wikipedia	rej	799	56	219	39	5	43	0	Wp/rej
Wikipedia	mh	798	148	145	104	18	789	-61	Wp/mh
Wikibooks	lv	792	64	181	174	9	0	0	Wb/lv
Wikipedia	tsu	788	57	201	59	8	437	-20	Wp/tsu
Wikinews	scn	784	25	192	8	2	0	0	Wn/scn
Wikipedia	wls	781	50	185	63	6	0	0	Wp/wls
Wikipedia	mxt	774	51	150	65	7	0	0	Wp/mxt
Wikipedia	cps	772	38	135	129	7	0	0	Wp/cps
Wikipedia	mak	769	38	173	28	5	8112	-2318	Wp/mak
Wikipedia	ann	766	32	150	39	5	6758	0	Wp/ann
Wiktionary	kiu	763	18	244	94	4	1	0	Wt/kiu
Wiktionary	guc	760	31	401	35	3	0	0	Wt/guc
Wikivoyage	az	754	39	134	27	5	0	0	Wy/az
Wikipedia	kri	753	87	114	31	8	0	-3	Wp/kri
Wikipedia	aln	752	113	139	116	17	0	-6	Wp/aln
Wikiquote	azb	749	17	282	23	2	0	0	Wq/azb
Wiktionary	crh	727	11	191	5	2	0	0	Wt/crh
Wikibooks	as	721	37	180	111	5	0	0	Wb/as
Wikipedia	efi	706	26	89	330	7	17452	-201	Wp/efi
Wikipedia	ain	700	117	132	80	14	9639	-129	Wp/ain
Wiktionary	egl	699	13	354	6	2	139	-14	Wt/egl
Wikipedia	chn	696	71	138	62	7	1	-99	Wp/chn
Wikivoyage	hu	690	33	227	108	5	0	0	Wy/hu
Wiktionary	dty	689	11	305	118	2	0	0	Wt/dty
Wikipedia	ojb	683	36	178	169	9	191	0	Wp/ojb
Wikipedia	sjo	682	23	113	24	5	0	0	Wp/sjo
Wikipedia	mvf	677	64	119	53	10	6760	-6	Wp/mvf
Wikipedia	wba	671	13	241	65	2	0	0	Wp/wba
Wiktionary	bho	665	13	351	58	4	0	0	Wt/bho
Wikinews	yue	661	42	198	62	5	1	0	Wn/yue
Wikipedia	tsg	660	41	198	64	8	0	0	Wp/tsg
Wikipedia	omp	660	10	499	311	4	23	0	Wp/omp
Wikipedia	kck	654	23	177	31	3	0	0	Wp/kck
Wikipedia	rap	642	48	153	28	5	0	0	Wp/rap
Wikipedia	jax	641	24	114	43	5	8494	0	Wp/jax
Wikipedia	mkn	640	17	182	49	2	0	0	Wp/mkn
Wikipedia	tao	640	36	212	32	3	3099	0	Wp/tao
Wikipedia	bzj	635	17	183	26	3	0	-24	Wp/bzj
Wikinews	be	625	22	416	94	3	0	0	Wn/be
Wikivoyage	hy	613	59	162	53	5	0	-6	Wy/hy
Wikiquote	nan	603	39	102	22	7	0	0	Wq/nan
Wikipedia	gur	601	43	135	34	6	25416	-5278	Wp/gur
Wikipedia	mns	585	32	158	42	6	0	0	Wp/mns
Wikipedia	aeb	583	64	166	23	6	0	0	Wp/aeb
Wikibooks	rap	582	21	6	1	1	0	0	Wb/rap
Wikipedia	kjj	578	26	116	16	4	17	0	Wp/kjj
Wiktionary	blk	570	12	472	2	1	0	0	Wt/blk
Wiktionary	nap	569	33	248	127	6	0	0	Wt/nap
Wikipedia	tkl	568	63	142	73	4	973	-79	Wp/tkl
Wikipedia	srr	564	11	81	3	1	0	-108	Wp/srr
Wiktionary	rue	560	10	414	2	1	0	0	Wt/rue
Wikiquote	ht	552	15	341	171	3	0	0	Wq/ht
Wikipedia	enf	549	48	226	59	5	17	0	Wp/enf
Wikipedia	bal	547	55	199	25	6	1140	-21	Wp/bal
Wiktionary	lfn	532	9	124	88	2	0	0	Wt/lfn
Wikipedia	prg	529	51	141	20	7	0	-9	Wp/prg
Wikivoyage	la	523	25	107	62	3	0	0	Wy/la
Wikipedia	nci	506	25	67	105	5	0	0	Wp/nci
Wikipedia	tmr	504	21	111	51	3	10815	-107	Wp/tmr
Wikipedia	yrl	504	68	91	101	11	662	-36	Wp/yrl
Wikipedia	oaa	498	29	115	50	5	0	-3	Wp/oaa
Wiktionary	grc	497	11	298	88	2	0	0	Wt/grc
Wikivoyage	wuu	492	24	84	11	4	0	0	Wy/wuu
Wikipedia	ckv	491	25	133	41	5	0	0	Wp/ckv
Wikipedia	pse	489	71	60	25	5	19945	-3	Wp/pse
Wiktionary	odt	481	6	193	206	1	0	0	Wt/odt
Wiktionary	syl	480	7	397	7	1	0	-24	Wt/syl
Wikiquote	lb	479	70	77	107	9	0	0	Wq/lb
Wikipedia	uun	477	5	442	89	2	6	-8	Wp/uun
Wikipedia	mfe	477	51	118	53	7	0	0	Wp/mfe
Wikinews	tl	477	41	103	47	5	0	0	Wn/tl
Wikipedia	bew	473	75	105	58	10	5969	-1149	Wp/bew
Wiktionary	trv	471	8	159	29	2	0	0	Wt/trv
Wikipedia	dng	470	71	163	38	10	0	-28	Wp/dng
Wikinews	af	467	40	179	63	10	0	0	Wn/af
Wikivoyage	bg	466	31	128	7	3	0	0	Wy/bg
Wikipedia	kab	463	36	1	77	8	0	0	Wp/kab
Wikipedia	niu	458	56	104	24	4	0	0	Wp/niu
Wiktionary	xh	449	41	149	78	5	0	0	Wt/xh
Wiktionary	as	447	32	128	19	2	0	0	Wt/as
Wikipedia	rcf	430	22	72	40	3	0	0	Wp/rcf
Wikipedia	aae	425	9	119	83	4	96550	-3881	Wp/aae
Wikivoyage	hbs	423	10	107	112	4	80503	-463	Wy/hbs
Wikipedia	ale	418	15	76	14	3	0	0	Wp/ale
Wikivoyage	ba	417	13	71	14	3	0	0	Wy/ba
Wiktionary	hak	417	15	179	53	4	0	0	Wt/hak
Wikipedia	xnb	412	27	138	27	2	0	0	Wp/xnb
Wiktionary	den	410	6	172	103	2	3384	0	Wt/den
Wikibooks	skr	410	32	89	55	6	42	0	Wb/skr
Wiktionary	cbk	408	8	183	202	3	0	0	Wt/cbk
Wikiquote	ps	407	33	149	64	10	1083	0	Wq/ps
Wikipedia	osx	403	36	74	103	7	0	-12	Wp/osx
Wikipedia	gld	402	37	94	69	8	24	-3	Wp/gld
Wiktionary	ceb	400	14	207	17	2	0	0	Wt/ceb
Wikipedia	scl	399	27	133	16	3	0	0	Wp/scl
Wikipedia	xsy	398	32	101	3	3	0	0	Wp/xsy
Wikipedia	pyu	398	20	105	33	5	0	0	Wp/pyu
Wikipedia	hoc	397	37	111	30	3	0	0	Wp/hoc
Wikipedia	gdo	393	38	74	109	7	82	0	Wp/gdo
Wikipedia	cjy	391	22	133	8	3	0	-723	Wp/cjy
Wikinews	si	390	25	86	27	5	0	-3	Wn/si
Wikiquote	diq	388	19	137	20	2	0	0	Wq/diq
Wikipedia	kdr	383	55	105	28	6	1041	0	Wp/kdr
Wikipedia	niq	382	8	128	2	1	0	0	Wp/niq
Wikipedia	aro	382	36	75	11	3	0	0	Wp/aro
Wikiquote	ang	378	65	42	27	10	0	0	Wq/ang
Wikibooks	yue	377	36	101	28	3	178	0	Wb/yue
Wikipedia	mww	376	75	99	67	9	0	0	Wp/mww
Wikipedia	hac	375	31	140	8	3	0	0	Wp/hac
Wikivoyage	yue	371	40	138	40	5	0	-3	Wy/yue
Wiktionary	loz	363	16	169	8	1	0	0	Wt/loz
Wikipedia	nr	361	21	89	73	3	0	0	Wp/nr
Wikinews	cpx	361	14	104	30	3	0	0	Wn/cpx
Wikiquote	si	359	12	102	8	2	0	0	Wq/si
Wikipedia	gil	354	35	75	23	3	0	0	Wp/gil
Wikipedia	aa	354	165	29	39	21	446	-2	Wp/aa
Wikipedia	shh	350	11	138	145	3	0	-72	Wp/shh
Wikibooks	nan	349	37	62	43	5	0	0	Wb/nan
Wiktionary	meu	347	16	80	8	2	0	0	Wt/meu
Wikiquote	grc	341	26	55	10	4	0	0	Wq/grc
Wikinews	et	341	18	149	3	2	0	0	Wn/et
Wikipedia	evn	340	68	69	36	10	0	0	Wp/evn
Wikipedia	bla	339	14	114	74	4	0	-6	Wp/bla
Wikipedia	stq	338	24	1	16	3	0	0	Wp/stq
Wikipedia	chb	337	12	89	2	2	0	0	Wp/chb
Wiktionary	kjp	337	7	152	3	1	0	0	Wt/kjp
Wikipedia	cnh	330	56	37	20	7	0	0	Wp/cnh
Wikipedia	pox	327	27	83	42	5	0	-2	Wp/pox
Wikipedia	pis	327	22	79	14	3	104	-3	Wp/pis
Wikipedia	ttt	324	37	91	19	5	0	0	Wp/ttt
Wikibooks	jam	323	7	50	5	1	0	0	Wb/jam
Wikipedia	rmf	320	18	181	138	5	0	0	Wp/rmf
Wiktionary	oaa	317	4	149	47	1	0	0	Wt/oaa
Wikipedia	pmy	315	30	99	14	4	0	0	Wp/pmy
Wikipedia	apc	315	32	89	17	3	0	0	Wp/apc
Wikinews	hr	314	38	80	73	10	0	0	Wn/hr
Wikinews	azb	312	16	128	40	3	0	0	Wn/azb
Wikipedia	ess	309	64	91	22	8	17	0	Wp/ess
Wikipedia	dsb	308	65	1	27	11	0	0	Wp/dsb
Wikibooks	or	308	15	6	3	2	0	0	Wb/or
Wikiquote	ast	307	54	41	4	3	0	0	Wq/ast
Wikipedia	jct	305	73	95	28	11	712	-1	Wp/jct
Wikipedia	tuo	303	3	112	51	2	0	0	Wp/tuo
Wikipedia	tji	303	20	120	35	3	0	0	Wp/tji
Wikipedia	ket	302	36	83	35	6	17	0	Wp/ket
Wikipedia	acf	298	36	50	10	3	0	0	Wp/acf
Wikipedia	taj	297	23	106	5	2	640	0	Wp/taj
Wikipedia	rar	295	38	79	59	5	0	0	Wp/rar
Wiktionary	ltg	292	16	35	21	2	0	0	Wt/ltg
Wikipedia	sgh	289	39	108	83	7	17	0	Wp/sgh
Wikipedia	rjs	288	19	62	23	2	0	0	Wp/rjs
Wikivoyage	sr	288	18	57	81	2	0	0	Wy/sr
Wiktionary	arn	281	13	38	90	4	0	0	Wt/arn
Wikivoyage	be	281	33	97	6	2	1436	0	Wy/be
Wiktionary	aeb	280	7	36	28	3	0	0	Wt/aeb
Wikipedia	dru	277	11	77	5	1	0	0	Wp/dru
Wikivoyage	tt	276	19	116	7	4	0	-6	Wy/tt
Wiktionary	pi	275	23	173	4	2	0	0	Wt/pi
Wikipedia	xmm	275	24	102	26	5	108	-108	Wp/xmm
Wiktionary	cu	272	15	112	76	2	477	0	Wt/cu
Wikipedia	fla	272	20	39	2	2	22	0	Wp/fla
Wikipedia	nyn	272	6	110	70	3	18689	-1897	Wp/nyn
Wikipedia	smj	272	23	77	29	4	0	0	Wp/smj
Wiktionary	gld	268	6	117	54	2	0	-3	Wt/gld
Wikipedia	mwr	268	9	240	129	3	0	0	Wp/mwr
Wikipedia	quc	265	50	66	37	5	0	0	Wp/quc
Wikipedia	trp	263	40	42	35	6	0	0	Wp/trp
Wikipedia	maz	260	22	33	9	2	0	0	Wp/maz
Wikipedia	nd	259	34	62	23	6	399	0	Wp/nd
Wiktionary	jut	258	15	127	82	4	0	0	Wt/jut
Wiktionary	cpx	257	11	194	239	6	0	0	Wt/cpx
Wikipedia	kfr	252	44	54	11	5	0	0	Wp/kfr
Wikipedia	moh	248	17	76	27	2	0	-3	Wp/moh
Wiktionary	shi	247	19	36	8	3	0	0	Wt/shi
Wikipedia	omc	247	8	30	6	3	0	0	Wp/omc
Wikipedia	gbm	245	32	42	16	4	0	0	Wp/gbm
Wikipedia	kea	244	33	55	7	3	0	0	Wp/kea
Wikipedia	zai	240	36	53	39	7	0	0	Wp/zai
Wikipedia	lep	236	4	69	2	1	0	0	Wp/lep
Wikipedia	rsk	232	8	22	57	3	52318	-3714	Wp/rsk
Wikipedia	kaa	231	33	2	28	6	0	0	Wp/kaa
Wikipedia	tzl	231	13	47	22	2	1488	0	Wp/tzl
Wikiquote	om	230	7	44	2	2	0	0	Wq/om
Wikiquote	pa	229	18	57	28	3	30	0	Wq/pa
Wiktionary	ulc	229	5	143	9	2	0	0	Wt/ulc
Wikiquote	oc	229	25	23	73	6	0	0	Wq/oc
Wiktionary	khw	228	15	115	22	4	0	0	Wt/khw
Wiktionary	qwh	228	11	121	8	2	0	0	Wt/qwh
Wiktionary	ude	225	5	114	31	2	0	-6	Wt/ude
Wikipedia	mzs	224	14	126	65	3	0	0	Wp/mzs
Wikipedia	moe	222	13	46	1	1	0	-3	Wp/moe
Wiktionary	lvk	220	2	180	14	2	0	0	Wt/lvk
Wikipedia	zyj	219	11	32	55	3	0	0	Wp/zyj
Wikibooks	cdo	219	8	94	20	2	0	0	Wb/cdo
Wikipedia	lud	217	14	80	36	3	0	0	Wp/lud
Wikinews	se	213	9	44	20	2	0	0	Wn/se
Wikipedia	kha	213	21	61	25	4	0	0	Wp/kha
Wiktionary	ee	212	13	88	7	2	0	0	Wt/ee
Wiktionary	se	211	28	109	19	3	0	0	Wt/se
Wikivoyage	ms	208	17	75	75	6	12017	-786	Wy/ms
Wikipedia	qub	207	21	56	9	2	0	0	Wp/qub
Wikibooks	vo	206	54	9	2	2	0	0	Wb/vo
Wikipedia	bfq	205	23	45	5	3	0	0	Wp/bfq
Wikinews	khw	204	20	60	29	5	0	0	Wn/khw
Wikibooks	ps	203	41	49	35	4	0	0	Wb/ps
Wikiquote	sh	203	12	66	9	2	0	0	Wq/sh
Wikibooks	so	201	20	58	20	2	0	0	Wb/so
Wikipedia	bgz	200	24	47	51	7	0	0	Wp/bgz
Wikiquote	jv	199	17	90	17	5	0	0	Wq/jv
Wikipedia	tts	198	19	49	10	2	0	0	Wp/tts
Wikipedia	ho	198	58	61	14	8	0	0	Wp/ho
Wikipedia	kr	197	48	25	18	6	8060	-1027	Wp/kr
Wikipedia	ksf	197	18	46	48	4	0	0	Wp/ksf
Wiktionary	pox	195	9	83	35	2	0	0	Wt/pox
Wikipedia	max	195	28	46	48	7	0	0	Wp/max
Wiktionary	nys	195	18	61	45	2	0	0	Wt/nys
Wiktionary	got	194	7	76	77	2	0	0	Wt/got
Wikipedia	pau	194	20	52	18	3	0	0	Wp/pau
Wikipedia	hak	193	20	1	121	7	0	0	Wp/hak
Wikipedia	atv	192	68	37	18	6	0	0	Wp/atv
Wikipedia	njo	192	24	15	48	5	0	0	Wp/njo
Wiktionary	nso	192	12	88	5	3	0	0	Wt/nso
Wiktionary	rmq	191	4	105	8	1	0	0	Wt/rmq
Wiktionary	pwn	191	11	49	5	1	5931	-303	Wt/pwn
Wiktionary	glk	189	30	93	34	2	0	0	Wt/glk
Wikinews	fi	187	20	1	1	1	0	0	Wn/fi
Wikibooks	ast	186	51	19	8	4	0	0	Wb/ast
Wikivoyage	uz	185	17	63	33	4	0	0	Wy/uz
Wiktionary	neg	185	4	126	17	1	0	0	Wt/neg
Wiktionary	mdf	182	10	110	3	1	0	0	Wt/mdf
Wikivoyage	et	181	30	31	18	5	0	-12	Wy/et
Wikipedia	juc	178	6	23	58	2	0	0	Wp/juc
Wikiquote	kk	177	43	32	28	4	2633	0	Wq/kk
Wikiquote	li	176	19	2	1	1	0	0	Wq/li
Wikipedia	be	176	25	2	9	3	0	0	Wp/be
Wiktionary	new	176	17	78	16	4	0	0	Wt/new
Wikipedia	xpq	175	10	63	24	1	0	0	Wp/xpq
Wikinews	ang	175	25	47	32	4	0	0	Wn/ang
Wikivoyage	ne	174	17	37	17	2	0	0	Wy/ne
Wikipedia	kut	173	7	52	33	2	0	0	Wp/kut
Wikipedia	kj	171	56	28	13	7	0	0	Wp/kj
Wikipedia	qxq	171	43	52	32	6	0	0	Wp/qxq
Wikinews	pnb	168	19	43	10	3	0	-6	Wn/pnb
Wikiquote	syc	168	12	28	4	2	0	0	Wq/syc
Wikivoyage	eu	168	19	47	32	4	0	0	Wy/eu
Wiktionary	yo	166	12	71	73	3	0	0	Wt/yo
Wikipedia	cjm	163	11	17	3	2	0	-997	Wp/cjm
Wikipedia	raj	163	37	53	24	4	0	0	Wp/raj
Wiktionary	oac	163	3	101	5	1	0	0	Wt/oac
Wikivoyage	te	162	9	50	25	3	0	0	Wy/te
Wikipedia	shp	161	4	32	12	1	0	0	Wp/shp
Wikipedia	abq	160	45	30	26	9	234	0	Wp/abq
Wikipedia	oge	159	28	48	24	6	0	0	Wp/oge
Wikipedia	lrc	159	23	71	29	3	0	0	Wp/lrc
Wikipedia	btz	159	27	44	25	3	152	-93	Wp/btz
Wikipedia	sah	158	35	2	23	5	0	0	Wp/sah
Wikinews	mkn	158	8	44	28	3	43	0	Wn/mkn
Wikinews	cv	157	25	42	11	3	0	0	Wn/cv
Wikipedia	mfa	157	27	27	26	6	0	0	Wp/mfa
Wikipedia	saz	157	38	21	16	4	0	0	Wp/saz
Wikiquote	mul	156	41	34	19	7	0	0	Wq/mul
Wikibooks	su	156	40	34	8	4	0	0	Wb/su
Wikipedia	kmz	156	30	40	17	4	1	0	Wp/kmz
Wikipedia	fmp	156	18	43	41	4	0	0	Wp/fmp
Wikinews	eu	156	25	43	17	4	0	0	Wn/eu
Wikipedia	sel	156	27	44	27	5	17	0	Wp/sel
Wikipedia	gcf	155	28	31	13	4	0	0	Wp/gcf
Wiktionary	mzn	154	31	73	36	6	0	0	Wt/mzn
Wikipedia	jdt	154	29	57	16	4	17	0	Wp/jdt
Wikipedia	bzg	153	12	34	17	3	2	0	Wp/bzg
Wikinews	skr	153	36	58	10	3	0	0	Wn/skr
Wikivoyage	cy	151	18	30	17	4	0	0	Wy/cy
Wikipedia	sxu	150	31	31	12	4	1178	0	Wp/sxu
Wikipedia	mwv	149	27	31	12	3	0	0	Wp/mwv
Wikinews	mzn	149	33	43	14	4	39	0	Wn/mzn
Wiktionary	mxi	148	23	74	4	2	0	0	Wt/mxi
Wikipedia	ccp	147	28	29	11	2	0	0	Wp/ccp
Wikipedia	tsd	147	21	37	17	3	0	0	Wp/tsd
Wikipedia	lif	147	25	21	8	4	0	0	Wp/lif
Wikipedia	mus	146	40	27	15	5	0	0	Wp/mus
Wikinews	nia	145	5	61	28	1	0	0	Wn/nia
Wiktionary	eve	144	3	92	23	1	0	0	Wt/eve
Wiktionary	fil	144	24	32	2	2	0	0	Wt/fil
Wikipedia	ood	144	13	22	4	2	0	0	Wp/ood
Wikipedia	tig	143	3	14	11	1	0	0	Wp/tig
Wikipedia	kac	142	36	32	11	5	0	0	Wp/kac
Wikipedia	sjn	142	7	25	3	1	0	0	Wp/sjn
Wikiquote	glk	141	14	59	1	1	0	0	Wq/glk
Wiktionary	ch	139	28	28	27	5	36	0	Wt/ch
Wikibooks	wuu	138	22	32	9	4	0	0	Wb/wuu
Wiktionary	csm	138	5	30	1	1	502	0	Wt/csm
Wikinews	sah	138	8	34	4	1	0	0	Wn/sah
Wikinews	ckb	138	10	46	7	1	0	0	Wn/ckb
Wikipedia	qdp	136	10	24	15	1	0	0	Wp/qdp
Wikipedia	ovd	136	17	27	6	2	0	0	Wp/ovd
Wikipedia	ajp	136	23	34	30	3	0	0	Wp/ajp
Wikipedia	mfb	135	17	26	5	1	0	0	Wp/mfb
Wikibooks	qwh	134	9	57	17	2	0	0	Wb/qwh
Wiktionary	bo	134	19	49	4	2	3665	0	Wt/bo
Wikipedia	asb	134	11	47	32	2	0	0	Wp/asb
Wikipedia	bci	133	10	24	7	3	0	0	Wp/bci
Wikipedia	pua	133	21	19	6	2	0	0	Wp/pua
Wikipedia	ctc	131	15	40	24	2	0	0	Wp/ctc
Wiktionary	fit	130	5	57	122	2	0	0	Wt/fit
Wikibooks	se	130	14	35	32	3	0	0	Wb/se
Wiktionary	ett	129	5	24	105	3	0	0	Wt/ett
Wikipedia	kek	128	24	55	35	6	0	0	Wp/kek
Wiktionary	ab	125	16	79	6	3	0	0	Wt/ab
Wikipedia	pwo	125	13	56	6	2	0	0	Wp/pwo
Wiktionary	pjt	125	18	45	39	2	0	0	Wt/pjt
Wiktionary	xmf	124	11	51	24	4	0	0	Wt/xmf
Wikipedia	ewo	124	21	24	13	4	0	0	Wp/ewo
Wikibooks	uz	123	36	19	5	5	0	0	Wb/uz
Wikibooks	os	123	10	48	1	1	0	0	Wb/os
Wikipedia	sje	123	7	18	16	1	624	0	Wp/sje
Wikipedia	rop	122	16	27	1	1	2	0	Wp/rop
Wiktionary	pzh	122	8	17	2	1	0	0	Wt/pzh
Wikiquote	ckb	121	10	42	22	1	0	0	Wq/ckb
Wikipedia	sly	120	15	32	9	2	0	0	Wp/sly
Wiktionary	inh	120	14	43	5	1	0	0	Wt/inh
Wikipedia	kca	120	36	28	7	5	17	0	Wp/kca
Wikipedia	zap	119	7	18	8	2	0	0	Wp/zap
Wikipedia	dum	119	33	15	20	6	0	0	Wp/dum
Wikiquote	nia	119	6	49	34	3	0	0	Wq/nia
Wikivoyage	vep	119	12	23	28	4	0	0	Wy/vep
Wikipedia	dcr	118	12	34	46	4	0	0	Wp/dcr
Wikipedia	ady	117	24	26	13	5	0	0	Wp/ady
Wikipedia	cjs	116	36	37	13	6	0	0	Wp/cjs
Wikipedia	mam	115	12	28	3	1	0	0	Wp/mam
Wikibooks	mnc	115	8	42	31	2	0	0	Wb/mnc
Wikipedia	wbl	115	19	55	2	2	17	0	Wp/wbl
Wikivoyage	skr	114	17	41	17	2	0	0	Wy/skr
Wiktionary	jje	112	6	50	7	2	0	0	Wt/jje
Wikipedia	ist	111	18	27	8	2	0	0	Wp/ist
Wikiquote	co	111	43	7	10	3	0	0	Wq/co
Wikipedia	kzp	110	11	37	3	3	0	0	Wp/kzp
Wikinews	uz	109	13	53	47	4	597	-2332	Wn/uz
Wikipedia	gan	109	26	1	2	1	0	0	Wp/gan
Wikipedia	tli	109	8	50	38	3	0	0	Wp/tli
Wikipedia	surzh	108	22	1	5	4	0	0	Wp/surzh
Wikibooks	pcd	108	11	31	9	4	0	0	Wb/pcd
Wikipedia	jpn	107	32	2	13	6	0	0	Wp/jpn
Wikipedia	mfp	107	10	29	46	4	0	0	Wp/mfp
Wikipedia	mrh	106	12	21	13	1	0	0	Wp/mrh
Wikipedia	ddg	104	20	29	3	1	0	0	Wp/ddg
Wiktionary	aa	104	28	28	8	4	0	0	Wt/aa
Wikipedia	qvc	104	13	37	5	2	0	-3	Wp/qvc
Wikinews	lmo	104	9	19	9	1	0	0	Wn/lmo
Wikinews	mni	103	4	40	102	3	0	0	Wn/mni
Wikipedia	vi	103	40	1	7	5	0	0	Wp/vi
Wiktionary	dtp	102	11	39	19	3	663	0	Wt/dtp
Wikipedia	unm	101	16	30	8	2	0	0	Wp/unm
Wikipedia	mjd	100	11	29	12	2	0	0	Wp/mjd
Wikibooks	sw	100	27	21	18	1	0	0	Wb/sw
Wiktionary	fur	100	11	45	17	1	0	0	Wt/fur
Wikipedia	sgc	100	17	11	7	3	0	0	Wp/sgc
Wikibooks	yi	99	7	16	9	2	0	0	Wb/yi
Wikiquote	qu	98	16	21	5	1	0	0	Wq/qu
Wiktionary	brx	98	6	18	82	3	0	0	Wt/brx
Wikipedia	gay	97	39	15	14	6	0	0	Wp/gay
Wikipedia	clw	97	41	15	13	5	7	0	Wp/clw
Wikinews	sk	97	20	25	11	3	4	-4	Wn/sk
Wikiquote	an	96	24	38	2	1	0	0	Wq/an
Wikipedia	vai	96	24	48	11	3	63137	0	Wp/vai
Wikipedia	luz	96	19	36	4	4	23	0	Wp/luz
Wikinews	ps	95	21	33	8	4	0	0	Wn/ps
Wiktionary	tyv	95	12	28	66	7	0	0	Wt/tyv
Wiktionary	orh	94	3	22	36	1	0	0	Wt/orh
Wikipedia	btd	94	26	32	19	4	0	0	Wp/btd
Wikipedia	gaa	93	17	34	5	4	5	0	Wp/gaa
Wikipedia	byv	93	12	20	5	2	0	0	Wp/byv
Wikipedia	szl	93	19	2	15	5	0	0	Wp/szl
Wikipedia	ruq	93	27	25	4	3	1000	0	Wp/ruq
Wikibooks	na	92	28	13	4	2	0	0	Wb/na
Wikinews	nap	92	8	32	7	1	0	0	Wn/nap
Wikipedia	rtm	92	24	24	21	5	0	0	Wp/rtm
Wikiquote	mn	92	15	24	2	1	0	0	Wq/mn
Wikipedia	aoc	91	8	30	24	2	0	0	Wp/aoc
Wikipedia	dgo	90	28	20	6	3	3026	-1654	Wp/dgo
Wikibooks	bo	90	26	30	5	1	0	0	Wb/bo
Wikipedia	tab	90	35	16	8	5	17	0	Wp/tab
Wikipedia	kls	89	26	19	9	4	0	0	Wp/kls
Wikipedia	ahr	88	17	7	3	2	0	0	Wp/ahr
Wiktionary	bug	88	15	34	4	1	0	-12	Wt/bug
Wikipedia	qvw	87	12	37	6	2	0	-3	Wp/qvw
Wikipedia	sas	87	7	35	2	2	0	0	Wp/sas
Wikibooks	sd	87	16	26	14	3	0	0	Wb/sd
Wikipedia	bgc	87	8	34	42	4	0	0	Wp/bgc
Wikipedia	tru	87	7	6	1	1	0	0	Wp/tru
Wikibooks	my	86	13	30	4	2	0	0	Wb/my
Wikipedia	arp	85	11	32	10	1	0	0	Wp/arp
Wikipedia	rut	85	25	13	11	5	34	-122	Wp/rut
Wikipedia	tyz	84	5	23	35	2	2683	-16	Wp/tyz
Wikipedia	tnt	84	33	10	4	2	0	0	Wp/tnt
Wikipedia	crh	84	15	1	8	2	0	0	Wp/crh
Wikipedia	fat	83	7	59	24	2	1123	-314	Wp/fat
Wikiquote	am	83	19	15	2	2	0	0	Wq/am
Wiktionary	os	83	19	29	5	2	0	0	Wt/os
Wikibooks	bcl	83	6	38	6	1	0	0	Wb/bcl
Wikibooks	zu	83	14	7	34	2	0	0	Wb/zu
Wikipedia	agr	82	4	24	6	2	0	0	Wp/agr
Wikipedia	akv	82	23	17	21	6	34	0	Wp/akv
Wikipedia	loz	80	18	22	7	3	0	0	Wp/loz
Wikipedia	ncj	80	5	15	30	2	0	0	Wp/ncj
Wikinews	or	80	7	29	2	2	0	0	Wn/or
Wikipedia	myv	80	19	1	1	1	0	0	Wp/myv
Wikipedia	cni	80	5	25	6	2	0	0	Wp/cni
Wikipedia	nio	79	23	21	18	5	17	0	Wp/nio
Wikipedia	pko	79	15	18	27	5	0	0	Wp/pko
Wikipedia	ext	79	16	2	9	3	0	0	Wp/ext
Wikipedia	bhh	78	12	14	12	2	0	0	Wp/bhh
Wikipedia	was	78	14	28	10	1	0	0	Wp/was
Wikiquote	lv	77	17	21	8	3	0	0	Wq/lv
Wikiquote	lzh	77	16	16	1	1	0	0	Wq/lzh
Wikipedia	gwi	77	5	25	15	1	0	0	Wp/gwi
Wikinews	hy	76	12	19	4	2	0	0	Wn/hy
Wikiquote	skr	75	14	33	3	3	0	0	Wq/skr
Wikinews	sl	75	25	14	15	5	0	0	Wn/sl
Wikiquote	bho	74	5	16	4	2	0	0	Wq/bho
Wikipedia	icr	74	6	27	11	2	1554	0	Wp/icr
Wikipedia	shy	74	13	28	4	1	0	0	Wp/shy
Wikipedia	eve	74	18	9	5	2	0	0	Wp/eve
Wikinews	glk	74	23	12	3	1	0	0	Wn/glk
Wiktionary	ki	73	9	44	13	1	0	0	Wt/ki
Wikinews	sd	73	16	26	21	5	0	0	Wn/sd
Wikipedia	ine	72	29	1	11	4	0	0	Wp/ine
Wikivoyage	khw	72	12	24	6	3	0	0	Wy/khw
Wikipedia	agx	72	34	16	7	5	34	0	Wp/agx
Wikipedia	kvr	72	9	20	2	1	0	0	Wp/kvr
Wikipedia	abv	72	27	8	8	5	43	0	Wp/abv
Wikipedia	mjy	71	4	28	8	1	0	-12	Wp/mjy
Wikivoyage	nap	71	4	26	10	1	0	0	Wy/nap
Wiktionary	pih	71	6	17	21	2	0	0	Wt/pih
Wikipedia	qqt	70	3	1	70	3	1850	-1203	Wp/qqt
Wikipedia	rki	70	15	22	6	2	0	0	Wp/rki
Wikivoyage	tg	69	13	14	11	3	0	-6	Wy/tg
Wikipedia	aii	69	11	13	1	1	0	-3	Wp/aii
Wikipedia	mos	69	8	22	3	3	12273	-204	Wp/mos
Wikipedia	ayn	69	20	17	5	3	1	0	Wp/ayn
Wiktionary	ty	69	5	48	39	1	59	0	Wt/ty
Wiktionary	ota	68	17	10	1	1	0	0	Wt/ota
Wikibooks	mni	68	5	20	17	2	0	0	Wb/mni
Wikipedia	cmn	68	30	3	3	3	0	0	Wp/cmn
Wikipedia	mnb	67	6	25	25	3	0	0	Wp/mnb
Wikipedia	mxp	67	19	27	11	3	0	0	Wp/mxp
Wikipedia	bca	67	5	42	6	2	0	0	Wp/bca
Wikinews	da	66	19	18	11	6	0	0	Wn/da
Wiktionary	chb	66	18	7	1	1	0	0	Wt/chb
Wikipedia	iba	66	24	12	17	5	42	0	Wp/iba
Wiktionary	ace	66	38	9	7	3	0	0	Wt/ace
Wikipedia	tpn	66	13	15	2	1	0	0	Wp/tpn
Wikipedia	haz	66	19	14	2	2	0	0	Wp/haz
Wiktionary	sma	65	11	17	2	1	0	0	Wt/sma
Wikibooks	ht	65	12	25	2	1	0	0	Wb/ht
Wikipedia	oma	65	8	27	15	2	0	0	Wp/oma
Wiktionary	olo	65	3	42	22	1	0	0	Wt/olo
Wikinews	cy	64	5	27	13	1	0	0	Wn/cy
Wikipedia	vkt	64	22	9	4	3	0	0	Wp/vkt
Wikipedia	orv	64	31	3	6	4	0	0	Wp/orv
Wikiquote	my	63	7	17	2	1	0	0	Wq/my
Wikibooks	bfq	63	8	15	1	1	0	0	Wb/bfq
Wikibooks	tk	63	24	14	2	2	0	0	Wb/tk
Wiktionary	bxr	63	12	21	2	1	0	0	Wt/bxr
Wiktionary	mai	62	9	27	11	2	0	0	Wt/mai
Wikipedia	amr	62	20	20	9	3	0	-6	Wp/amr
Wikipedia	kev	62	17	11	5	2	0	0	Wp/kev
Wikipedia	mgp	61	8	12	11	3	0	0	Wp/mgp
Wikipedia	mnk	61	7	39	61	7	57	-6	Wp/mnk
Wiktionary	dgr	61	5	33	30	2	0	-9	Wt/dgr
Wikipedia	rml	61	1	26	10	1	0	0	Wp/rml
Wikipedia	bgp	61	16	22	4	2	0	0	Wp/bgp
Wikipedia	fvr	60	8	17	9	2	5223	-100	Wp/fvr
Wikipedia	kmr	60	16	31	57	14	280	-280	Wp/kmr
Wikipedia	mog	60	22	15	3	3	0	0	Wp/mog
Wikipedia	mvi	60	16	17	11	3	0	0	Wp/mvi
Wikipedia	qxn	60	11	29	1	1	0	0	Wp/qxn
Wikipedia	crg	60	9	22	7	2	0	0	Wp/crg
Wikipedia	lhu	60	23	12	8	3	0	0	Wp/lhu
Wikipedia	hif	60	8	1	2	1	0	0	Wp/hif
Wikipedia	uzs	59	13	7	7	2	0	0	Wp/uzs
Wikibooks	nds	59	21	11	13	4	0	0	Wb/nds
Wikiquote	io	59	12	30	2	2	0	-6	Wq/io
Wikipedia	lew	59	13	36	4	2	0	0	Wp/lew
Wikipedia	crd	59	12	15	6	2	0	0	Wp/crd
Wikipedia	stl	59	7	28	3	2	43	-3	Wp/stl
Wikipedia	ljp	58	24	14	6	4	0	0	Wp/ljp
Wikipedia	apw	58	9	6	16	2	0	0	Wp/apw
Wikipedia	abs	58	26	17	14	5	0	0	Wp/abs
Wiktionary	evn	58	3	28	22	1	0	0	Wt/evn
Wikivoyage	mnw	58	5	26	19	2	0	0	Wy/mnw
Wikipedia	bft	58	12	17	6	2	0	0	Wp/bft
Wikipedia	mto	58	3	15	29	1	0	0	Wp/mto
Wikipedia	itk	57	14	7	22	5	1056	-4	Wp/itk
Wikipedia	rkt	57	11	13	1	1	0	0	Wp/rkt
Wikinews	oc	57	9	17	10	2	0	0	Wn/oc
Wikipedia	ibb	56	8	20	4	2	0	0	Wp/ibb
Wikipedia	paw	56	8	17	7	2	0	0	Wp/paw
Wiktionary	syc	56	12	15	5	2	0	0	Wt/syc
Wikivoyage	sd	55	6	21	6	1	0	0	Wy/sd
Wikipedia	ydg	55	9	29	4	2	0	0	Wp/ydg
Wikipedia	pjt	55	16	11	8	2	0	0	Wp/pjt
Wiktionary	rmc	55	4	33	12	3	0	0	Wt/rmc
Wikipedia	lld	55	20	2	3	2	0	0	Wp/lld
Wikipedia	qux	55	4	29	4	1	0	0	Wp/qux
Wikibooks	aa	54	33	3	3	3	0	0	Wb/aa
Wikivoyage	gu	54	9	21	7	1	0	0	Wy/gu
Wikivoyage	mn	54	7	15	21	2	0	0	Wy/mn
Wikinews	ml	54	16	16	6	2	0	0	Wn/ml
Wikivoyage	sq	54	9	19	9	3	0	0	Wy/sq
Wikibooks	fj	54	3	34	2	1	0	0	Wb/fj
Wiktionary	tw	54	23	11	3	3	0	0	Wt/tw
Wikipedia	mdf	54	14	2	4	3	0	0	Wp/mdf
Wikibooks	azb	54	10	18	16	3	0	-9	Wb/azb
Wikiquote	min	53	8	22	4	3	0	0	Wq/min
Wikipedia	udi	53	23	13	5	3	17	0	Wp/udi
Wikivoyage	my	53	8	24	13	2	371	0	Wy/my
Wikipedia	inh	52	13	1	5	2	0	0	Wp/inh
Wikipedia	tcs	52	21	12	3	1	3041	-75	Wp/tcs
Wiktionary	av	52	15	14	4	2	68	0	Wt/av
Wikipedia	swu	52	4	20	36	2	0	0	Wp/swu
Wikipedia	bzd	52	2	15	1	1	0	0	Wp/bzd
Wikibooks	lzh	52	11	7	11	3	0	0	Wb/lzh
Wiktionary	kea	52	15	18	5	2	0	0	Wt/kea
Wikipedia	tzh	52	21	10	4	3	0	0	Wp/tzh
Wikivoyage	pnb	52	6	14	12	2	0	0	Wy/pnb
Wikivoyage	ky	52	7	14	2	1	0	-3	Wy/ky
Wiktionary	stq	52	6	22	2	2	0	0	Wt/stq
Wikipedia	aoz	52	20	22	4	2	0	0	Wp/aoz
Wikipedia	ybe	52	12	5	3	2	0	-2	Wp/ybe
Wikipedia	niv	51	21	10	5	3	17	0	Wp/niv
Wikibooks	mn	51	12	9	3	1	0	0	Wb/mn
Wikipedia	hnd	51	19	10	5	3	0	0	Wp/hnd
Wikipedia	khb	51	7	15	2	2	0	0	Wp/khb
Wikivoyage	mi	50	6	36	1	1	0	0	Wy/mi
Wikinews	mg	50	8	19	11	3	0	0	Wn/mg
Wikibooks	ak	50	23	14	2	1	0	0	Wb/ak
Wikivoyage	lt	50	11	17	9	4	0	0	Wy/lt
Wikiquote	nap	49	7	18	3	1	0	-19	Wq/nap
Wikipedia	akb	49	21	8	16	6	0	0	Wp/akb
Wikipedia	dlg	49	25	11	9	4	17	0	Wp/dlg
Wikibooks	mzn	49	17	17	7	1	0	0	Wb/mzn
Wiktionary	saz	49	7	11	15	2	0	0	Wt/saz
Wikipedia	yoi	48	9	9	5	2	0	0	Wp/yoi
Wiktionary	awa	48	6	18	14	2	0	0	Wt/awa
Wikiquote	szl	48	3	34	7	2	0	0	Wq/szl
Wikipedia	ude	48	12	11	11	3	0	0	Wp/ude
Wikivoyage	tl	47	12	6	3	3	0	-6	Wy/tl
Wikipedia	she	47	4	30	4	1	0	0	Wp/she
Wikipedia	yaq	47	9	11	11	3	0	0	Wp/yaq
Wikipedia	btx	47	26	11	6	3	0	0	Wp/btx
Wikipedia	itl	46	27	14	5	4	17	0	Wp/itl
Wikipedia	hne	46	15	22	8	3	0	0	Wp/hne
Wiktionary	sn	46	5	30	1	1	0	0	Wt/sn
Wikipedia	nan	45	13	6	3	2	0	0	Wp/nan
Wikibooks	kn	45	19	8	7	2	0	0	Wb/kn
Wikipedia	hmn	45	9	1	3	3	0	0	Wp/hmn
Wikipedia	bas	45	10	6	38	5	0	0	Wp/bas
Wikipedia	kgp	45	19	15	3	2	0	0	Wp/kgp
Wikibooks	fmp	45	7	6	14	3	0	0	Wb/fmp
Wikipedia	cim	45	6	15	1	1	0	-3	Wp/cim
Wikinews	phr	44	2	13	22	1	0	0	Wn/phr
Wikivoyage	kk	44	4	16	2	2	0	0	Wy/kk
Wikipedia	ojp	44	10	7	11	2	0	0	Wp/ojp
Wikipedia	mhy	44	17	8	8	4	0	0	Wp/mhy
Wikipedia	rmn	44	4	20	31	1	0	0	Wp/rmn
Wikipedia	cic	44	9	17	9	1	0	0	Wp/cic
Wikiquote	mt	44	2	29	14	1	0	0	Wq/mt
Wikivoyage	sl	43	5	15	2	1	0	0	Wy/sl
Wikipedia	oka	43	6	13	13	3	0	0	Wp/oka
Wikivoyage	su	43	6	9	15	2	0	0	Wy/su
Wikinews	as	43	8	14	13	2	0	0	Wn/as
Wiktionary	cr	42	17	5	8	2	0	0	Wt/cr
Wikipedia	hus	42	12	9	6	2	0	0	Wp/hus
Wikipedia	skh	42	6	23	11	2	0	0	Wp/skh
Wikipedia	ngu	42	5	15	5	2	0	0	Wp/ngu
Wikipedia	orh	42	5	8	19	2	0	0	Wp/orh
Wikipedia	pbb	42	10	10	20	3	0	0	Wp/pbb
Wikivoyage	bho	41	6	13	3	1	0	0	Wy/bho
Wikipedia	jqr	41	3	23	7	1	0	0	Wp/jqr
Wikipedia	mon	41	14	2	4	2	0	0	Wp/mon
Wikipedia	tcz	41	2	19	8	1	0	0	Wp/tcz
Wiktionary	cv	41	18	12	4	2	0	0	Wt/cv
Wikivoyage	ku	41	8	9	2	1	0	0	Wy/ku
Wiktionary	nrm	41	7	14	2	1	0	0	Wt/nrm
Wikiquote	av	41	14	11	5	2	0	0	Wq/av
Wikipedia	mid	41	1	15	41	1	0	0	Wp/mid
Wikipedia	trw	40	7	13	1	1	0	0	Wp/trw
Wikipedia	sla	40	6	1	2	1	0	0	Wp/sla
Wiktionary	fkv	40	11	8	8	2	0	0	Wt/fkv
Wikiquote	mni	40	8	11	3	3	0	0	Wq/mni
Wikipedia	phr	40	20	9	3	2	0	0	Wp/phr
Wikipedia	opt	40	1	4	3	1	0	0	Wp/opt
Wikipedia	ulc	40	7	9	12	2	0	0	Wp/ulc
Wikiquote	wuu	40	10	12	4	2	0	0	Wq/wuu
Wiktionary	lez	39	3	19	7	1	0	0	Wt/lez
Wikipedia	cku	39	8	11	4	2	0	0	Wp/cku
Wiktionary	ady	39	24	6	4	2	0	0	Wt/ady
Wikipedia	tox	39	17	10	2	2	0	0	Wp/tox
Wiktionary	kjh	39	6	15	19	3	0	0	Wt/kjh
Wikipedia	tin	39	24	9	6	4	17	0	Wp/tin
Wikipedia	cux	39	11	11	2	1	0	0	Wp/cux
Wikipedia	ili	39	15	5	7	2	0	0	Wp/ili
Wikipedia	cja	38	9	8	3	2	0	-25	Wp/cja
Wikibooks	ryu	38	10	14	2	1	0	0	Wb/ryu
Wikibooks	bho	38	7	12	1	1	0	0	Wb/bho
Wiktionary	bto	38	3	16	1	1	4	0	Wt/bto
Wikivoyage	is	38	5	14	8	1	6529	-202	Wy/is
Wiktionary	bi	37	8	22	3	2	0	0	Wt/bi
Wiktionary	tly	37	11	9	2	1	0	0	Wt/tly
Wikinews	tr	37	15	9	5	2	10	0	Wn/tr
Wikiquote	khw	37	7	17	6	4	0	0	Wq/khw
Wikipedia	aaf	37	24	5	3	3	2	0	Wp/aaf
Wikibooks	glk	36	13	5	2	2	0	0	Wb/glk
Wikipedia	tkr	36	18	11	7	5	17	0	Wp/tkr
Wikipedia	miz	36	6	11	2	1	0	0	Wp/miz
Wikipedia	nso	36	9	1	1	1	0	0	Wp/nso
Wikipedia	ddo	36	17	6	6	3	17	0	Wp/ddo
Wiktionary	dag	36	5	9	1	1	0	0	Wt/dag
Wikiquote	awa	36	7	21	14	1	0	0	Wq/awa
Wikibooks	arz	36	6	5	1	1	0	0	Wb/arz
Wikinews	ceb	36	3	8	4	2	0	0	Wn/ceb
Wikipedia	gui	36	11	6	9	3	0	0	Wp/gui
Wikiquote	mzn	35	13	9	3	2	0	0	Wq/mzn
Wiktionary	udm	35	9	9	11	1	0	0	Wt/udm
Wiktionary	pal	35	5	13	8	2	0	0	Wt/pal
Wikipedia	klb	35	14	7	3	1	0	0	Wp/klb
Wikiquote	sd	35	12	9	5	3	0	0	Wq/sd
Wikipedia	akk	35	7	7	2	2	0	0	Wp/akk
Wikipedia	aer	35	8	7	1	1	0	0	Wp/aer
Wikipedia	pcc	34	15	10	8	4	279	0	Wp/pcc
Wikipedia	tar	34	16	9	3	1	0	0	Wp/tar
Wikipedia	bpe	34	16	7	7	3	0	0	Wp/bpe
Wikipedia	jmx	34	10	10	3	2	0	0	Wp/jmx
Wikipedia	cts	34	15	5	4	2	0	0	Wp/cts
Wikipedia	thl	34	11	11	1	1	0	0	Wp/thl
Wiktionary	ain	34	3	6	17	2	0	0	Wt/ain
Wikipedia	ctg	33	9	11	1	1	0	0	Wp/ctg
Wikipedia	xdy	33	13	4	3	2	0	0	Wp/xdy
Wikipedia	tzo	33	12	11	4	2	0	0	Wp/tzo
Wikipedia	kli	33	9	4	2	2	0	0	Wp/kli
Wikipedia	sat	32	13	2	3	2	0	0	Wp/sat
Wikipedia	rhg	32	10	14	2	1	0	0	Wp/rhg
Wiktionary	pcm	32	2	25	1	1	0	0	Wt/pcm
Wikipedia	mau	32	6	10	4	1	0	0	Wp/mau
Wikipedia	sjt	31	14	6	5	3	17	0	Wp/sjt
Wikibooks	gu	31	9	10	1	1	0	0	Wb/gu
Wikipedia	ayl	31	16	7	3	2	0	0	Wp/ayl
Wiktionary	ckt	31	13	7	3	2	0	0	Wt/ckt
Wikivoyage	bcl	31	4	15	10	1	0	0	Wy/bcl
Wikipedia	meo	30	8	8	8	1	0	0	Wp/meo
Wikipedia	nij	30	12	9	7	3	0	0	Wp/nij
Wikinews	te	30	4	14	1	1	0	0	Wn/te
Wikipedia	yah	30	7	19	12	1	17	0	Wp/yah
Wikipedia	ltg	30	12	2	9	4	0	0	Wp/ltg
Wikipedia	zza	30	12	1	2	2	0	0	Wp/zza
Wikipedia	luo	30	10	11	4	1	0	0	Wp/luo
Wikivoyage	bgn	30	6	18	4	2	0	0	Wy/bgn
Wikipedia	ota	29	13	1	5	4	0	-137	Wp/ota
Wikipedia	lbx	29	11	6	7	3	0	0	Wp/lbx
Wiktionary	rmf	29	5	13	4	1	0	0	Wt/rmf
Wikipedia	knx	29	13	5	6	3	0	0	Wp/knx
Wikivoyage	pa	29	6	9	1	1	0	0	Wy/pa
Wikipedia	gcr	29	12	3	2	2	0	0	Wp/gcr
Wikipedia	iar	29	9	6	1	1	0	0	Wp/iar
Wikipedia	scm	29	11	1	2	2	0	0	Wp/scm
Wikipedia	xyz	29	14	5	4	4	0	0	Wp/xyz
Wiktionary	bal	29	9	10	2	2	0	0	Wt/bal
Wiktionary	frc	29	6	12	16	1	0	0	Wt/frc
Wikivoyage	fkv	29	3	6	1	1	0	0	Wy/fkv
Wiktionary	alq	29	4	3	6	1	0	0	Wt/alq
Wikipedia	apj	28	7	9	4	1	0	0	Wp/apj
Wikipedia	bgx	28	12	6	10	2	0	0	Wp/bgx
Wikipedia	crs	28	6	6	6	2	0	0	Wp/crs
Wikipedia	prs	28	13	1	4	3	0	0	Wp/prs
Wikipedia	otq	28	6	17	6	2	439	-433	Wp/otq
Wikipedia	mfy	28	15	7	3	2	0	0	Wp/mfy
Wikipedia	ber	28	19	1	2	1	0	0	Wp/ber
Wikinews	kn	28	7	4	1	1	0	0	Wn/kn
Wikinews	ky	28	9	6	10	3	0	0	Wn/ky
Wikipedia	tup	28	6	2	4	3	0	0	Wp/tup
Wiktionary	jdt	28	4	7	16	2	0	0	Wt/jdt
Wikipedia	str	28	7	10	3	1	0	0	Wp/str
Wikibooks	pnb	27	12	9	5	2	0	0	Wb/pnb
Wikivoyage	si	27	8	10	1	1	0	0	Wy/si
Wikipedia	alr	27	15	6	5	4	0	0	Wp/alr
Wikipedia	nmg	27	6	7	6	3	0	0	Wp/nmg
Wikipedia	cab	27	9	11	9	3	0	0	Wp/cab
Wiktionary	frp	27	8	10	20	5	0	0	Wt/frp
Wikipedia	ses	27	7	18	1	1	0	0	Wp/ses
Wikipedia	mnw	27	12	1	1	1	0	0	Wp/mnw
Wikipedia	odt	27	7	5	9	3	0	0	Wp/odt
Wikivoyage	gl	26	10	6	7	2	0	0	Wy/gl
Wikipedia	ksk	26	8	9	4	2	0	0	Wp/ksk
Wikipedia	tlh	26	11	2	5	4	0	0	Wp/tlh
Wikivoyage	es	26	10	2	1	1	0	0	Wy/es
Wikipedia	ace	26	9	2	2	1	0	0	Wp/ace
Wikipedia	neq	26	5	11	4	1	0	0	Wp/neq
Wikibooks	bm	26	12	6	2	1	0	0	Wb/bm
Wikipedia	tun	26	6	7	4	2	0	0	Wp/tun
Wikipedia	bld	26	2	16	25	1	0	0	Wp/bld
Wikipedia	fro	26	12	1	5	2	0	0	Wp/fro
Wikipedia	lis	26	4	10	5	2	0	0	Wp/lis
Wikipedia	trv	25	8	1	3	2	0	0	Wp/trv
Wikivoyage	zh	25	13	4	1	1	0	0	Wy/zh
Wikivoyage	eo	25	17	1	4	3	0	0	Wy/eo
Wikinews	mk	25	8	6	5	2	0	0	Wn/mk
Wikipedia	ctd	25	3	10	2	1	0	0	Wp/ctd
Wikipedia	azb	25	16	2	4	3	0	0	Wp/azb
Wikipedia	bss	25	8	6	9	2	0	0	Wp/bss
Wikipedia	shn	25	15	1	2	1	0	0	Wp/shn
Wikipedia	lua	25	12	7	7	3	0	0	Wp/lua
Wikipedia	yue	25	4	7	18	1	0	0	Wp/yue
Wikivoyage	ja	25	20	1	1	1	0	0	Wy/ja
Wikivoyage	ac	25	2	6	25	2	0	0	Wy/ac
Wikipedia	nqo	25	12	1	1	1	0	0	Wp/nqo
Wikipedia	agq	24	8	4	6	2	0	0	Wp/agq
Wikibooks	dtp	24	8	7	9	2	0	0	Wb/dtp
Wikipedia	abl	24	17	5	3	3	92	0	Wp/abl
Wikipedia	tse	24	6	5	2	2	0	0	Wp/tse
Wikivoyage	tzm	24	9	8	7	2	0	0	Wy/tzm
Wikipedia	kok	24	9	1	8	3	0	0	Wp/kok
Wikipedia	bsk	24	12	11	5	3	0	0	Wp/bsk
Wikipedia	ruo	24	4	10	3	3	0	0	Wp/ruo
Wiktionary	diq	24	15	1	3	3	0	0	Wt/diq
Wikipedia	chp	24	7	7	3	2	0	0	Wp/chp
Wikipedia	tiw	24	4	8	1	1	0	0	Wp/tiw
Wikipedia	elm	24	5	9	1	1	0	0	Wp/elm
Wikinews	tyv	24	10	5	10	3	0	0	Wn/tyv
Wikipedia	smw	23	13	7	5	3	0	0	Wp/smw
Wikipedia	tay	23	6	1	3	2	0	0	Wp/tay
Wiktionary	rm	23	6	16	2	2	0	0	Wt/rm
Wikipedia	alt	23	14	1	2	2	0	0	Wp/alt
Wikipedia	xug	23	12	7	2	1	0	0	Wp/xug
Wikinews	dtp	23	11	7	5	3	0	0	Wn/dtp
Wikipedia	x	23	7	1	4	1	0	0	Wp/x
Wikipedia	ams	23	11	6	1	1	0	0	Wp/ams
Wikipedia	vay	23	1	14	23	1	0	0	Wp/vay
Wikinews	am	23	9	4	5	3	0	0	Wn/am
Wikipedia	kyh	23	3	20	23	3	0	0	Wp/kyh
Wikinews	anp	23	8	8	1	1	0	0	Wn/anp
Wiktionary	sva	23	2	18	22	1	0	0	Wt/sva
Wikipedia	bum	22	12	7	2	1	0	0	Wp/bum
Wiktionary	hoc	22	5	14	4	1	0	0	Wt/hoc
Wiktionary	hsb	22	9	1	2	2	0	0	Wt/hsb
Wikipedia	ary	22	15	2	1	1	0	0	Wp/ary
Wikipedia	xzh	22	4	8	2	2	0	0	Wp/xzh
Wikivoyage	ps	22	8	1	1	1	0	0	Wy/ps
Wikibooks	ug	22	10	10	3	2	0	0	Wb/ug
Wikibooks	sgs	22	5	6	8	1	0	0	Wb/sgs
Wikinews	tt	22	6	6	3	2	0	0	Wn/tt
Wikipedia	ukl	22	12	2	7	5	0	0	Wp/ukl
Wikipedia	dlm	22	11	2	6	3	0	0	Wp/dlm
Wikipedia	qvm	22	7	4	1	1	0	0	Wp/qvm
Wiktionary	tzm	21	8	6	9	2	0	0	Wt/tzm
Wiktionary	szy	21	4	8	8	1	0	0	Wt/szy
Wikibooks	syc	21	2	5	5	1	0	0	Wb/syc
Wikipedia	gvr	21	8	7	9	3	0	0	Wp/gvr
Wikipedia	tyv	21	9	1	5	3	0	0	Wp/tyv
Wikipedia	zom	21	11	8	4	3	0	0	Wp/zom
Wikipedia	cmg	21	4	14	21	4	0	0	Wp/cmg
Wikipedia	ubl	21	3	9	1	1	0	0	Wp/ubl
Wikivoyage	vec	21	4	8	1	1	0	0	Wy/vec
Wikipedia	egy	21	8	2	17	5	0	0	Wp/egy
Wikibooks	bal	21	7	5	3	1	0	0	Wb/bal
Wikipedia	kio	20	6	6	3	2	0	0	Wp/kio
Wikipedia	nrm	20	2	1	1	1	0	0	Wp/nrm
Wiktionary	uun	20	1	17	2	1	0	0	Wt/uun
Wikipedia	mqg	20	7	5	1	1	0	0	Wp/mqg
Wikipedia	gor	20	10	1	4	3	0	0	Wp/gor
Wikivoyage	mni	20	5	12	4	1	0	0	Wy/mni
Wikipedia	bik	20	1	1	1	1	0	0	Wp/bik
Wikinews	mn	20	3	12	2	1	0	0	Wn/mn
Wikipedia	mni	20	7	2	4	3	0	0	Wp/mni
Wikipedia	par	20	11	4	1	1	0	0	Wp/par
Wikipedia	acw	20	5	6	2	2	0	0	Wp/acw
Wikipedia	sto	20	5	7	2	1	0	0	Wp/sto
Wikipedia	yur	20	5	7	9	2	0	0	Wp/yur
Wikipedia	meu	19	6	11	3	2	0	0	Wp/meu
Wikipedia	bhw	19	7	7	1	1	0	0	Wp/bhw
Wikinews	kmr	19	9	15	10	5	0	0	Wn/kmr
Wikipedia	tdd	19	10	7	4	2	0	0	Wp/tdd
Wikipedia	xvi	19	7	8	1	1	0	0	Wp/xvi
Wikipedia	srh	19	5	9	5	2	319	0	Wp/srh
Wikibooks	ang	19	9	2	1	1	0	0	Wb/ang
Wikinews	ab	19	3	10	4	1	0	0	Wn/ab
Wikipedia	lez	19	13	2	2	2	0	0	Wp/lez
Wikipedia	zun	19	11	7	3	1	0	0	Wp/zun
Wikipedia	smn	19	10	2	2	2	0	0	Wp/smn
Wiktionary	dua	19	7	4	2	2	0	0	Wt/dua
Wiktionary	mnw	18	7	1	3	2	0	0	Wt/mnw
Wikipedia	byq	18	3	4	8	2	0	0	Wp/byq
Wikipedia	mad	18	9	1	1	1	0	0	Wp/mad
Wikivoyage	kn	18	4	6	12	1	0	0	Wy/kn
Wiktionary	tdx	18	3	3	3	1	0	0	Wt/tdx
Wikipedia	wal	18	7	4	5	2	0	0	Wp/wal
Wikipedia	pst	18	9	1	4	3	0	0	Wp/pst
Wikipedia	ldn	18	4	3	3	2	12344	-70	Wp/ldn
Wikipedia	nup	18	4	6	2	1	0	0	Wp/nup
Wikipedia	neg	18	5	6	7	2	0	0	Wp/neg
Wikipedia	dun	18	9	6	2	2	0	0	Wp/dun
Wikipedia	acm	18	7	4	2	2	0	0	Wp/acm
Wikiquote	cr	18	11	1	4	2	0	0	Wq/cr
Wikiquote	jbo	18	2	5	11	1	0	0	Wq/jbo
Wikipedia	wen	18	4	3	8	2	0	0	Wp/wen
Wikipedia	jam	18	13	1	4	2	0	0	Wp/jam
Wikipedia	kge	18	13	5	3	3	0	0	Wp/kge
Wikipedia	gju	18	8	7	5	2	0	0	Wp/gju
Wikipedia	oac	18	5	8	8	2	0	0	Wp/oac
Wikipedia	car	18	7	6	4	1	0	0	Wp/car
Wikipedia	kln	18	7	2	1	1	0	0	Wp/kln
Wiktionary	wym	18	4	4	1	1	0	0	Wt/wym
Wiktionary	ase	17	5	4	3	3	0	0	Wt/ase
Wikipedia	csm	17	8	6	2	1	0	0	Wp/csm
Wikibooks	got	17	10	7	3	2	0	0	Wb/got
Wiktionary	lzh	17	6	1	3	1	0	0	Wt/lzh
Wikivoyage	no	17	8	1	7	3	0	0	Wy/no
Wikivoyage	haw	17	2	10	1	1	0	0	Wy/haw
Wikipedia	skr	17	12	1	2	2	0	0	Wp/skr
Wikipedia	lpo	17	3	9	16	2	0	0	Wp/lpo
Wikipedia	lr	17	2	3	2	1	0	0	Wp/lr
Wikipedia	dty	17	8	1	3	2	0	0	Wp/dty
Wikipedia	kvv	17	3	11	14	2	0	0	Wp/kvv
Wikipedia	ctu	17	10	5	4	3	0	0	Wp/ctu
Wikipedia	cuk	17	6	6	2	1	0	0	Wp/cuk
Wikinews	pa	17	9	5	2	1	0	0	Wn/pa
Wikipedia	trs	17	7	9	7	2	0	0	Wp/trs
Wikipedia	dag	17	8	1	1	1	0	0	Wp/dag
Wiktionary	gbm	16	3	6	2	1	0	0	Wt/gbm
Wikipedia	qvs	16	7	5	3	1	0	0	Wp/qvs
Wikipedia	rob	16	11	6	5	3	0	0	Wp/rob
Wikipedia	sgj	16	1	6	16	1	0	0	Wp/sgj
Wikipedia	hmd	16	4	6	14	2	0	0	Wp/hmd
Wikibooks	lki	16	5	4	2	1	0	0	Wb/lki
Wikipedia	gom	16	7	1	1	1	0	0	Wp/gom
Wikipedia	nlv	16	3	8	14	2	0	0	Wp/nlv
Wikivoyage	lb	16	5	5	7	2	0	0	Wy/lb
Wikivoyage	li	16	6	4	2	2	0	0	Wy/li
Wikipedia	yuc	16	6	5	1	1	0	0	Wp/yuc
Wikipedia	gsw	16	4	1	3	2	0	0	Wp/gsw
Wikibooks	war	16	4	7	15	3	0	0	Wb/war
Wikivoyage	lzh	16	9	5	2	2	0	0	Wy/lzh
Wikiquote	bgn	16	6	9	4	2	0	0	Wq/bgn
Wikipedia	gul	15	4	6	3	2	0	0	Wp/gul
Wikivoyage	glk	15	5	7	9	3	0	0	Wy/glk
Wikipedia	snd	15	5	1	9	3	0	0	Wp/snd
Wikipedia	awa	15	13	2	1	1	0	0	Wp/awa
Wikinews	nds	15	5	1	4	1	0	0	Wn/nds
Wiktionary	mui	15	6	4	4	2	0	0	Wt/mui
Wikipedia	ckb	15	9	1	5	3	0	0	Wp/ckb
Wiktionary	bih	15	5	1	3	2	0	0	Wt/bih
Wikipedia	gwc	15	9	5	1	1	0	0	Wp/gwc
Wikipedia	srb	15	4	8	2	1	0	0	Wp/srb
Wikipedia	hmr	15	2	8	2	1	0	0	Wp/hmr
Wikivoyage	bal	15	7	3	1	1	0	0	Wy/bal
Wikipedia	amz	15	7	1	1	1	0	0	Wp/amz
Wikivoyage	fi	15	12	1	5	4	0	0	Wy/fi
Wikinews	mr	15	12	3	7	6	0	0	Wn/mr
Wiktionary	tts	15	3	9	1	1	0	0	Wt/tts
Wikipedia	ijc	15	3	5	2	1	0	0	Wp/ijc
Wiktionary	bcl	15	9	3	1	1	0	0	Wt/bcl
Wikibooks	ceb	15	4	4	9	2	0	0	Wb/ceb
Wikivoyage	fy	15	2	9	8	1	0	0	Wy/fy
Wikivoyage	ryu	15	6	6	6	2	0	0	Wy/ryu
Wikibooks	ba	15	9	2	1	1	0	0	Wb/ba
Wikipedia	crp	15	5	1	2	2	0	0	Wp/crp
Wikibooks	khw	15	8	10	5	2	0	0	Wb/khw
Wikivoyage	yi	14	3	4	2	1	0	0	Wy/yi
Wikipedia	fil	14	8	1	2	2	0	0	Wp/fil
Wikipedia	bph	14	3	5	14	3	0	0	Wp/bph
Wikipedia	oj	14	6	2	5	3	0	0	Wp/oj
Wikipedia	sva	14	6	6	2	1	0	0	Wp/sva
Wikipedia	wxa	14	9	6	1	1	0	0	Wp/wxa
Wikinews	kl	14	10	3	5	2	0	0	Wn/kl
Wikipedia	otk	14	7	1	2	2	0	0	Wp/otk
Wikipedia	enx	14	7	5	2	1	0	0	Wp/enx
Wikibooks	bgn	14	7	4	1	1	0	0	Wb/bgn
Wikipedia	mkw	14	6	6	6	2	0	0	Wp/mkw
Wikipedia	olo	14	8	1	4	2	0	0	Wp/olo
Wikipedia	var	14	8	4	4	2	0	0	Wp/var
Wikipedia	ban	14	6	1	1	1	0	0	Wp/ban
Wikibooks	ik	14	5	4	1	1	0	0	Wb/ik
Wikipedia	xhe	14	7	10	14	7	0	0	Wp/xhe
Wikipedia	lfn	14	8	1	1	1	0	0	Wp/lfn
Wikipedia	kbd	14	11	1	3	2	0	0	Wp/kbd
Wiktionary	cop	14	4	7	1	1	0	0	Wt/cop
Wiktionary	mnp	14	3	5	10	2	0	0	Wt/mnp
Wikipedia	kmc	14	3	7	5	2	0	0	Wp/kmc
Wikipedia	lat	14	7	1	1	1	0	0	Wp/lat
Wikivoyage	ady	14	6	4	2	2	0	0	Wy/ady
Wikiquote	ga	13	8	3	4	2	0	0	Wq/ga
Wikinews	lzh	13	3	2	1	1	0	0	Wn/lzh
Wiktionary	pnb	13	7	1	2	1	0	0	Wt/pnb
Wikibooks	zh	13	8	3	2	2	0	0	Wb/zh
Wikiquote	zh	13	6	3	2	1	0	0	Wq/zh
Wikivoyage	as	13	6	4	1	1	0	0	Wy/as
Wikipedia	mai	13	9	2	1	1	0	0	Wp/mai
Wiktionary	mul	13	7	1	4	2	0	0	Wt/mul
Wiktionary	skr	13	8	1	1	1	0	0	Wt/skr
Wikipedia	chg	13	5	4	3	2	0	0	Wp/chg
Wikivoyage	so	13	4	7	1	1	0	0	Wy/so
Wikinews	ku	13	9	4	5	3	0	0	Wn/ku
Wiktionary	cic	13	3	3	7	2	0	0	Wt/cic
Wikipedia	vep	13	10	1	2	2	0	0	Wp/vep
Wikipedia	acr	13	8	5	2	2	0	0	Wp/acr
Wikipedia	wep	13	3	6	12	3	0	0	Wp/wep
Wikiquote	bcc	13	5	4	1	1	0	0	Wq/bcc
Wikinews	is	13	7	4	1	1	0	0	Wn/is
Wiktionary	be	13	5	2	1	1	0	0	Wt/be
Wikibooks	kjh	12	3	7	7	1	0	0	Wb/kjh
Wiktionary	gcf	12	2	4	11	1	0	0	Wt/gcf
Wikipedia	nb	12	2	1	2	1	0	0	Wp/nb
Wiktionary	crs	12	4	5	2	1	0	0	Wt/crs
Wikipedia	twm	12	2	6	10	2	0	0	Wp/twm
Wikivoyage	tr	12	6	1	1	1	0	0	Wy/tr
Wikipedia	bho	12	5	1	1	1	0	0	Wp/bho
Wikivoyage	zu	12	2	4	2	1	0	0	Wy/zu
Wikipedia	num	12	4	4	2	1	0	0	Wp/num
Wikinews	dv	12	7	4	1	1	0	0	Wn/dv
Wikinews	ko	12	6	1	1	1	0	0	Wn/ko
Wikiquote	sa	12	8	1	2	2	0	0	Wq/sa
Wikivoyage	fa	12	7	1	2	2	0	0	Wy/fa
Wikinews	bjn	12	3	8	1	1	0	0	Wn/bjn
Wikipedia	sdb	12	8	3	1	1	0	-9	Wp/sdb
Wiktionary	zh	12	8	2	3	2	0	0	Wt/zh
Wikipedia	cri	12	6	6	4	2	0	0	Wp/cri
Wiktionary	krc	12	2	10	11	1	0	0	Wt/krc
Wiktionary	mni	12	4	1	4	3	0	0	Wt/mni
Wikivoyage	ace	12	2	5	1	1	0	0	Wy/ace
Wikivoyage	ga	12	5	5	10	3	0	0	Wy/ga
Wikipedia	dml	12	4	6	1	1	0	0	Wp/dml
Wikipedia	mul	11	7	1	1	1	0	0	Wp/mul
Wikipedia	kne	11	3	3	5	1	0	0	Wp/kne
Wikipedia	ktz	11	5	3	1	1	0	0	Wp/ktz
Wikibooks	nap	11	4	5	4	1	0	0	Wb/nap
Wikiquote	sw	11	6	4	4	2	0	0	Wq/sw
Wiktionary	ce	11	6	4	4	1	0	0	Wt/ce
Wikipedia	ais	11	4	2	7	2	0	0	Wp/ais
Wikibooks	tly	11	3	3	1	1	0	0	Wb/tly
Wiktionary	lgg	11	4	3	2	1	0	0	Wt/lgg
Wikipedia	gyn	11	4	4	2	1	51	0	Wp/gyn
Wiktionary	rn	11	7	1	2	2	0	0	Wt/rn
Wikipedia	top	11	7	4	3	2	0	0	Wp/top
Wikinews	brh	11	3	7	2	2	0	0	Wn/brh
Wikipedia	diq	11	6	1	2	1	0	0	Wp/diq
Wikipedia	ett	11	6	1	4	2	0	0	Wp/ett
Wikipedia	mrv	11	9	4	4	3	0	0	Wp/mrv
Wiktionary	min	11	5	1	1	1	0	0	Wt/min
Wiktionary	zza	11	4	1	1	1	0	0	Wt/zza
Wikipedia	pny	11	7	1	4	2	0	0	Wp/pny
Wiktionary	cnh	11	6	3	3	2	0	0	Wt/cnh
Wikibooks	mul	11	6	1	1	1	0	0	Wb/mul
Wikivoyage	fo	11	2	5	10	1	0	0	Wy/fo
Wiktionary	lpl	11	6	1	4	2	0	0	Wt/lpl
Wikibooks	ckb	11	7	2	2	1	36	0	Wb/ckb
Wikipedia	nia	11	8	1	1	1	0	0	Wp/nia
Wikiquote	bih	10	4	1	1	1	0	0	Wq/bih
Wikipedia	son	10	6	2	3	2	0	0	Wp/son
Wikipedia	hyw	10	3	1	4	2	0	0	Wp/hyw
Wiktionary	shn	10	6	1	1	1	0	0	Wt/shn
Wikipedia	koi	10	8	1	1	1	0	0	Wp/koi
Wiktionary	yue	10	10	1	1	1	0	0	Wt/yue
Wikibooks	ha	10	7	3	4	3	0	0	Wb/ha
Wikipedia	ncl	10	3	6	7	2	0	0	Wp/ncl
Wikinews	xh	10	4	4	6	1	0	0	Wn/xh
Wikinews	el	10	5	1	4	2	0	0	Wn/el
Wikinews	yi	10	4	5	5	1	0	0	Wn/yi
Wikipedia	pal	10	6	1	3	2	0	0	Wp/pal
Wikipedia	clm	10	4	3	1	1	0	0	Wp/clm
Wikiquote	sah	10	6	1	3	2	0	0	Wq/sah
Wikipedia	bjn	10	7	1	1	1	0	0	Wp/bjn
Wiktionary	ny	10	5	3	2	2	0	0	Wt/ny
Wikipedia	phl	10	2	7	1	1	0	0	Wp/phl
Wikipedia	mhr	10	8	1	1	1	0	0	Wp/mhr
Wikipedia	krc	10	7	1	1	1	0	0	Wp/krc
Wiktionary	koi	10	5	5	1	1	0	0	Wt/koi
Wikipedia	btv	10	7	4	1	1	0	0	Wp/btv
Wikibooks	fo	10	7	4	2	1	0	0	Wb/fo
Wikipedia	mua	10	7	4	7	4	0	0	Wp/mua
Wikipedia	kbp	10	5	1	2	1	0	0	Wp/kbp
Wikipedia	lai	10	3	4	5	2	0	0	Wp/lai
Wikipedia	mo	10	5	1	2	2	0	0	Wp/mo
Wikivoyage	nb	10	4	1	3	2	0	0	Wy/nb
Wikipedia	jgo	10	5	4	4	2	0	0	Wp/jgo
Wiktionary	dwr	10	2	3	4	1	0	0	Wt/dwr
Wikipedia	umb	10	7	5	3	2	0	0	Wp/umb
Wikiquote	lad	9	5	2	3	1	0	0	Wq/lad
Wiktionary	als	9	5	1	3	2	0	0	Wt/als
Wikivoyage	mg	9	4	4	1	1	0	0	Wy/mg
Wikinews	gu	9	4	3	3	1	0	0	Wn/gu
Wikivoyage	am	9	4	4	2	1	0	0	Wy/am
Wikivoyage	bih	9	2	1	1	1	0	0	Wy/bih
Wikipedia	wra	9	3	7	3	1	0	0	Wp/wra
Wikipedia	xsr	9	2	4	2	1	0	0	Wp/xsr
Wikipedia	mur	9	6	1	1	1	0	0	Wp/mur
Wikipedia	gnb	9	1	7	3	1	0	0	Wp/gnb
Wiktionary	tay	9	4	4	1	1	0	0	Wt/tay
Wikinews	bgn	9	3	4	1	1	0	0	Wn/bgn
Wiktionary	hsn	9	5	5	1	1	0	0	Wt/hsn
Wikipedia	hmo	9	3	2	9	3	0	0	Wp/hmo
Wikiquote	brx	9	4	4	2	1	0	0	Wq/brx
Wikiquote	nds	9	6	1	3	3	0	0	Wq/nds
Wikinews	eo	9	6	1	2	1	0	0	Wn/eo
Wikipedia	fos	9	2	1	1	1	0	0	Wp/fos
Wikipedia	qya	9	4	1	1	1	0	0	Wp/qya
Wikipedia	nep	9	5	1	2	2	0	0	Wp/nep
Wikipedia	pan	9	5	1	2	2	0	0	Wp/pan
Wikipedia	kww	9	4	5	7	2	0	0	Wp/kww
Wikibooks	bih	9	3	1	1	1	0	0	Wb/bih
Wikibooks	mnw	9	4	3	4	2	0	0	Wb/mnw
Wikipedia	wbp	9	4	5	1	1	0	0	Wp/wbp
Wiktionary	bar	9	4	3	2	2	0	0	Wt/bar
Wikipedia	cac	9	4	5	1	1	0	0	Wp/cac
Wiktionary	pes	9	6	1	1	1	0	0	Wt/pes
Wikibooks	mrh	9	3	2	3	1	0	0	Wb/mrh
Wikiquote	se	9	4	3	2	1	0	0	Wq/se
Wikivoyage	vi	9	5	1	4	2	0	0	Wy/vi
Wikipedia	czh	9	3	6	1	1	0	0	Wp/czh
Wiktionary	ak	9	4	1	1	1	0	0	Wt/ak
Wikivoyage	jbo	9	2	4	8	1	0	0	Wy/jbo
Wikiquote	kr	9	4	1	1	1	0	0	Wq/kr
Wikibooks	ga	9	6	1	1	1	0	0	Wb/ga
Wikipedia	min	9	7	1	2	2	0	0	Wp/min
Wikipedia	gmh	8	3	4	6	2	0	0	Wp/gmh
Wiktionary	bgn	8	4	5	2	1	0	0	Wt/bgn
Wikibooks	nah	8	4	1	2	2	0	0	Wb/nah
Wikipedia	doi	8	4	2	3	2	0	0	Wp/doi
Wikipedia	emo	8	4	1	2	1	0	0	Wp/emo
Wikivoyage	dty	8	2	3	5	1	0	0	Wy/dty
Wikivoyage	bn	8	4	1	1	1	0	0	Wy/bn
Wikipedia	xsv	8	4	1	4	2	0	0	Wp/xsv
Wikivoyage	mk	8	3	4	3	1	0	0	Wy/mk
Wiktionary	mrh	8	3	2	2	1	0	0	Wt/mrh
Wiktionary	mad	8	4	3	3	2	0	0	Wt/mad
Wiktionary	avk	8	5	1	1	1	0	0	Wt/avk
Wikinews	qu	8	3	1	2	1	0	0	Wn/qu
Wikibooks	am	8	4	3	1	1	0	0	Wb/am
Wikipedia	tmh	8	4	1	2	1	0	0	Wp/tmh
Wiktionary	tgl	8	3	1	1	1	0	0	Wt/tgl
Wikipedia	ese	8	6	2	2	2	0	0	Wp/ese
Wikivoyage	hi	8	5	1	2	2	0	0	Wy/hi
Wikipedia	gwt	8	5	4	1	1	0	0	Wp/gwt
Wikipedia	ru	8	4	1	1	1	0	0	Wp/ru
Wikinews	nl	8	7	1	3	3	0	0	Wn/nl
Wikipedia	tmz	8	3	1	2	1	0	0	Wp/tmz
Wikipedia	bjm	8	3	3	3	1	0	0	Wp/bjm
Wikipedia	rue	8	6	1	1	1	0	0	Wp/rue
Wikipedia	chm	8	4	1	1	1	0	0	Wp/chm
Wiktionary	to	8	5	1	3	2	0	0	Wt/to
Wikipedia	arz	8	5	1	1	1	0	0	Wp/arz
Wikipedia	nnp	8	3	4	4	2	0	0	Wp/nnp
Wikinews	li	8	4	2	3	1	0	0	Wn/li
Wikinews	mul	8	6	1	3	2	0	0	Wn/mul
Wiktionary	or	8	7	1	1	1	0	0	Wt/or
Wikiquote	kw	8	5	1	1	1	0	0	Wq/kw
Wikipedia	atj	7	6	1	1	1	0	0	Wp/atj
Wiktionary	mns	7	4	3	2	1	0	0	Wt/mns
Wikipedia	hui	7	2	1	1	1	0	0	Wp/hui
Wikipedia	oe	7	1	3	7	1	0	0	Wp/oe
Wiktionary	nia	7	7	1	1	1	0	0	Wt/nia
Wikiquote	so	7	4	3	2	1	0	0	Wq/so
Wikipedia	lzh	7	5	1	1	1	0	0	Wp/lzh
Wikiquote	xmf	7	4	3	2	1	0	0	Wq/xmf
Wikinews	vec	7	2	4	1	1	0	0	Wn/vec
Wikivoyage	anp	7	4	3	2	1	0	0	Wy/anp
Wikivoyage	el	7	4	1	1	1	0	0	Wy/el
Wikipedia	pkm	7	5	1	1	1	0	0	Wp/pkm
Wikivoyage	or	7	4	3	2	2	0	0	Wy/or
Wikinews	new	7	1	4	7	1	0	0	Wn/new
Wikipedia	er	7	5	2	6	4	0	0	Wp/er
Wikivoyage	pl	7	5	1	2	2	0	0	Wy/pl
Wikiquote	rml	7	1	5	7	1	0	0	Wq/rml
Wiktionary	rmy	7	2	3	7	2	0	0	Wt/rmy
Wikibooks	anp	7	4	4	1	1	0	0	Wb/anp
Wikipedia	kwh	7	5	5	2	1	0	0	Wp/kwh
Wikipedia	din	7	5	1	2	2	0	0	Wp/din
Wikipedia	kal	7	4	1	1	1	0	0	Wp/kal
Wikinews	la	7	4	1	1	1	0	0	Wn/la
Wikiquote	scn	7	5	3	2	1	0	0	Wq/scn
Wiktionary	ahs	7	2	3	3	1	0	0	Wt/ahs
Wikivoyage	ro	7	4	1	2	2	0	0	Wy/ro
Wikipedia	yav	7	4	3	2	1	0	0	Wp/yav
Wikiquote	vo	7	6	3	1	1	0	0	Wq/vo
Wikivoyage	jpn	7	5	2	5	3	0	0	Wy/jpn
Wiktionary	hif	6	4	1	1	1	0	0	Wt/hif
Wikipedia	bno	6	1	4	6	1	0	0	Wp/bno
Wikipedia	voj	6	4	1	3	3	0	0	Wp/voj
Wikipedia	pcd	6	4	1	1	1	0	0	Wp/pcd
Wikipedia	ara	6	3	1	2	1	0	0	Wp/ara
Wikipedia	hw	6	3	3	1	1	0	0	Wp/hw
Wikibooks	aii	6	3	3	2	1	0	0	Wb/aii
Wikipedia	www	6	5	1	1	1	0	0	Wp/www
Wikipedia	mol	6	2	1	2	1	0	0	Wp/mol
Wikiquote	nah	6	2	1	1	1	0	0	Wq/nah
Wikivoyage	br	6	3	4	4	1	0	0	Wy/br
Wikipedia	bqi	6	5	1	1	1	0	0	Wp/bqi
Wikipedia	kei	6	2	2	5	1	0	0	Wp/kei
Wiktionary	gom	6	4	1	1	1	0	0	Wt/gom
Wikivoyage	he	6	3	1	2	1	0	0	Wy/he
Wikiquote	lzz	6	2	3	4	1	0	0	Wq/lzz
Wikipedia	pt	6	3	1	4	2	0	0	Wp/pt
Wikipedia	xas	6	3	2	2	1	0	0	Wp/xas
Wiktionary	tlh	6	4	2	1	1	0	0	Wt/tlh
Wikivoyage	uk	6	3	1	3	2	0	0	Wy/uk
Wikiquote	mk	6	4	2	1	1	0	0	Wq/mk
Wikinews	nn	6	5	1	1	1	0	0	Wn/nn
Wikivoyage	mo	6	4	1	1	1	0	0	Wy/mo
Wikipedia	ltc	6	5	1	1	1	0	0	Wp/ltc
Wiktionary	gsw	6	3	1	2	1	0	0	Wt/gsw
Wikipedia	kxd	6	4	2	1	1	0	0	Wp/kxd
Wikipedia	pnt	6	4	1	1	1	0	0	Wp/pnt
Wikivoyage	sw	6	5	5	5	4	5131	-4	Wy/sw
Wikipedia	adu	6	2	2	3	1	0	0	Wp/adu
Wikipedia	ask	6	1	4	6	1	0	0	Wp/ask
Wikipedia	nov	6	6	1	1	1	0	0	Wp/nov
Wikiquote	fj	6	2	3	1	1	0	0	Wq/fj
Wikipedia	osc	6	5	3	1	1	39	0	Wp/osc
Wikipedia	bua	5	3	1	3	1	0	0	Wp/bua
Wikibooks	bar	5	3	2	2	1	0	0	Wb/bar
Wikipedia	aar	5	3	2	2	1	0	0	Wp/aar
Wikivoyage	als	5	2	1	5	2	0	0	Wy/als
Wikibooks	qu	5	3	1	1	1	0	0	Wb/qu
Wikipedia	drt	5	3	1	1	1	0	0	Wp/drt
Wikipedia	vro	5	2	1	1	1	0	0	Wp/vro
Wikipedia	fkw	5	2	1	4	1	0	0	Wp/fkw
Wikivoyage	zyj	5	3	3	1	1	0	0	Wy/zyj
Wikipedia	mwl	5	3	1	3	2	0	0	Wp/mwl
Wikinews	bih	5	1	1	1	1	0	0	Wn/bih
Wikipedia	shi	5	3	2	1	1	0	0	Wp/shi
Wikipedia	syc	5	2	1	1	1	0	0	Wp/syc
Wikipedia	kor	5	2	2	1	1	0	0	Wp/kor
Wikibooks	ie	5	2	1	2	1	0	0	Wb/ie
Wikipedia	xhc	5	3	1	1	1	0	0	Wp/xhc
Wikinews	als	5	2	1	3	1	0	0	Wn/als
Wikipedia	syr	5	3	1	2	1	0	0	Wp/syr
Wikipedia	pnb	5	3	1	1	1	0	0	Wp/pnb
Wikipedia	pus	5	2	1	2	1	0	0	Wp/pus
Wikipedia	gem	5	4	1	1	1	0	0	Wp/gem
Wikipedia	qz	5	3	1	1	1	0	0	Wp/qz
Wikipedia	rup	5	3	1	1	1	0	0	Wp/rup
Wiktionary	lld	5	4	1	1	1	0	0	Wt/lld
Wikipedia	new	5	3	1	1	1	0	0	Wp/new
Wikibooks	jbo	5	3	1	3	2	0	0	Wb/jbo
Wikipedia	mbc	5	2	3	2	1	0	0	Wp/mbc
Wikipedia	myn	5	3	1	1	1	0	0	Wp/myn
Wiktionary	qxn	5	3	3	3	1	0	0	Wt/qxn
Wikivoyage	ab	5	4	1	1	1	0	0	Wy/ab
Wiktionary	nds	5	2	1	1	1	0	0	Wt/nds
Wiktionary	www	5	4	1	1	1	0	0	Wt/www
Wikinews	jbo	5	2	3	4	1	0	0	Wn/jbo
Wikivoyage	dag	4	2	3	1	1	0	0	Wy/dag
Wikinews	cs	4	2	1	1	1	0	0	Wn/cs
Wiktionary	rif	4	2	3	1	1	0	0	Wt/rif
Wikipedia	lav	4	4	1	1	1	0	0	Wp/lav
Wikipedia	naq	4	4	2	1	1	0	0	Wp/naq
Wikinews	sq	4	3	1	2	2	0	0	Wn/sq
Wiktionary	mo	4	2	1	1	1	0	0	Wt/mo
Wiktionary	nod	4	2	2	2	1	0	0	Wt/nod
Wikiquote	sva	4	2	2	4	2	0	0	Wq/sva
Wikipedia	bcx	4	3	1	2	1	0	0	Wp/bcx
Wikipedia	nst	4	1	4	4	1	0	0	Wp/nst
Wikivoyage	mnc	4	3	2	2	2	0	0	Wy/mnc
Wikipedia	plm	4	3	1	2	1	0	0	Wp/plm
Wikipedia	thi	4	3	2	3	2	0	0	Wp/thi
Wikipedia	crf	4	2	3	1	1	0	0	Wp/crf
Wikipedia	akf	4	2	2	4	2	0	0	Wp/akf
Wikibooks	mo	4	2	1	2	1	0	0	Wb/mo
Wikipedia	rus	4	2	1	1	1	0	0	Wp/rus
Wikipedia	mnv	4	2	2	2	1	0	0	Wp/mnv
Wikipedia	gub	4	3	3	2	1	0	0	Wp/gub
Wikipedia	smr	4	3	2	1	1	0	0	Wp/smr
Wikibooks	wa	4	2	2	1	1	0	0	Wb/wa
Wikipedia	mdr	4	2	2	1	1	0	0	Wp/mdr
Wikipedia	vmn	4	2	2	2	1	0	0	Wp/vmn
Wikipedia	eml	4	4	1	1	1	0	0	Wp/eml
Wikivoyage	bhs	3	3	2	3	3	4	0	Wy/bhs
Wikipedia	daw	3	1	1	3	1	0	0	Wp/daw
Wikibooks	sva	3	1	2	3	1	0	0	Wb/sva
Wikipedia	abg	3	2	1	2	2	0	0	Wp/abg
Wikipedia	arb	3	2	1	3	2	0	0	Wp/arb
Wikipedia	vul	3	2	1	1	1	0	0	Wp/vul
Wikibooks	als	3	1	1	2	1	0	0	Wb/als
Wikinews	tly	3	2	2	1	1	0	0	Wn/tly
Wiktionary	kir	3	2	1	2	1	0	0	Wt/kir
Wikipedia	zsm	3	1	1	2	1	0	0	Wp/zsm
Wiktionary	qaa	3	1	1	3	1	0	0	Wt/qaa
Wikivoyage	hyw	3	2	1	3	2	0	0	Wy/hyw
Wikinews	mo	3	2	1	1	1	0	0	Wn/mo
Wikinews	shi	3	3	1	1	1	0	0	Wn/shi
Wikipedia	xil	3	2	1	1	1	0	0	Wp/xil
Wikipedia	kas	3	1	1	1	1	0	0	Wp/kas
Wikipedia	hbo	3	2	1	1	1	0	0	Wp/hbo
Wikiquote	mo	3	2	1	1	1	0	0	Wq/mo
Wikibooks	snd	3	2	1	1	1	0	0	Wb/snd
Wikipedia	mud	3	3	1	1	1	0	0	Wp/mud
Wikipedia	rmy	3	3	1	1	1	0	0	Wp/rmy
Wikipedia	xno	2	2	1	1	1	0	0	Wp/xno
Wikipedia	ydd	2	2	1	1	1	0	0	Wp/ydd
Wikiquote	www	2	2	1	1	1	0	0	Wq/www
Wikibooks	www	2	2	1	1	1	0	0	Wb/www
Wikibooks	bc	2	2	1	1	1	0	0	Wb/bc
Wikipedia	uum	2	2	1	2	2	0	0	Wp/uum
Wikipedia	qok	2	1	1	2	1	0	0	Wp/qok
Wikipedia	sgs	2	1	1	1	1	0	0	Wp/sgs
Wikinews	mar	2	2	1	2	2	0	0	Wn/mar
Wiktionary	eml	2	1	1	2	1	0	0	Wt/eml
Wikibooks	nb	2	2	1	1	1	0	0	Wb/nb
Wikibooks	qxn	2	2	1	2	2	0	0	Wb/qxn
Wikipedia	yih	2	2	1	1	1	0	0	Wp/yih
Wikivoyage	trv	2	2	1	1	1	0	0	Wy/trv
Wikinews	www	2	2	1	1	1	0	0	Wn/www
Wikipedia	plk	2	1	2	2	1	0	0	Wp/plk
Wikipedia	rie	2	2	1	1	1	0	0	Wp/rie
Wikipedia	pen	2	2	1	2	2	0	0	Wp/pen
Wikipedia	ten	2	1	1	2	1	0	0	Wp/ten
Wikipedia	zlm	2	1	1	1	1	0	0	Wp/zlm
Wikibooks	scn	2	2	1	1	1	0	0	Wb/scn
Wikibooks	trv	2	2	1	1	1	0	0	Wb/trv
Wikipedia	puk	2	2	1	1	1	0	0	Wp/puk
Wikipedia	hno	2	2	1	1	1	0	0	Wp/hno
Wikipedia	kpy	2	2	1	2	2	0	0	Wp/kpy
Wikinews	hyw	2	2	1	2	2	0	0	Wn/hyw
Wiktionary	pen	2	1	1	2	1	0	0	Wt/pen
Wikipedia	phn	2	2	1	1	1	0	0	Wp/phn
Wikiquote	trv	2	2	1	1	1	0	0	Wq/trv
Wikivoyage	rcb	2	2	1	2	2	0	0	Wy/rcb
Wikinews	shn	2	2	2	1	1	0	0	Wn/shn
Wiktionary	btx	2	2	1	2	2	0	0	Wt/btx
Wikinews	trv	2	2	1	1	1	0	0	Wn/trv
Wikiquote	bar	2	2	1	1	1	0	0	Wq/bar
Wiktionary	pfl	2	1	1	2	1	0	0	Wt/pfl
Wikivoyage	szl	2	2	1	1	1	0	0	Wy/szl
Wiktionary	twi	2	2	1	1	1	0	0	Wt/twi
Wikipedia	wmp	2	2	1	1	1	0	0	Wp/wmp
Wikiquote	als	2	1	1	1	1	0	0	Wq/als
Wikivoyage	www	2	2	1	1	1	0	0	Wy/www
Wiktionary	nfr	1	1	1	1	1	0	0	Wt/nfr
Wiktionary	plm	1	1	1	1	1	0	0	Wt/plm
Wikibooks	crh	1	1	1	1	1	0	0	Wb/crh
Wikipedia	lvs	1	1	1	1	1	0	0	Wp/lvs
Wikipedia	emm	1	1	1	1	1	0	0	Wp/emm
Wikipedia	wp	1	1	1	1	1	0	0	Wp/wp
Wikibooks	gsw	1	1	1	1	1	0	0	Wb/gsw
Wikipedia	bpm	1	1	1	1	1	0	0	Wp/bpm
Wikiquote	gsw	1	1	1	1	1	0	0	Wq/gsw
Wikinews	sva	1	1	1	1	1	0	0	Wn/sva
Wikipedia	zho	1	1	1	1	1	0	0	Wp/zho
Wikipedia	shb	1	1	1	1	1	0	0	Wp/shb
Wikipedia	lc	1	1	1	1	1	0	0	Wp/lc
Wiktionary	pom	1	1	1	1	1	0	0	Wt/pom
Wikinews	hnd	1	1	1	1	1	0	0	Wn/hnd
Wikipedia	azj	1	1	1	1	1	0	0	Wp/azj
Wikipedia	kjn	1	1	1	1	1	0	0	Wp/kjn
Wikibooks	bi	1	1	1	1	1	0	0	Wb/bi
Wikivoyage	ban	1	1	1	1	1	0	0	Wy/ban
Wikiquote	crh	1	1	1	1	1	0	0	Wq/crh
Wikibooks	ay	1	1	1	1	1	0	0	Wb/ay
Wikinews	ts	1	1	1	1	1	0	0	Wn/ts
Wikipedia	ekk	1	1	1	1	1	0	0	Wp/ekk
Wikipedia	bgm	1	1	1	1	1	0	0	Wp/bgm
Wikipedia	pom	1	1	1	1	1	0	0	Wp/pom
Wikipedia	ime	1	1	1	1	1	0	0	Wp/ime
Wiktionary	cb	1	1	1	1	1	0	0	Wt/cb
