Project	Language Code	Total edits	Total editors	Total pages	Bytes removed (last 30 days)	Bytes added (last 30 days)	Average monthly edits	Average monthly editors
Wikipedia	dtp	8508	115	2000	-4670.0	183685.0	741	20
Wikiquote	ms	1762	92	738	-35.0	88712.0	177	19
Wikipedia	cak	1381	131	297	-30.0	52811.0	20	13
Wikipedia	nup	4143	42	565	-74.0	65660.0	351	13
Wiktionary	mad	6765	22	5348	-1125.0	121594.0	304	12
Wikipedia	rsk	2788	26	365	-29808.0	266420.0	319	12
Wikipedia	nr	820	47	174	-1369.0	21215.0	156	12
Wikiquote	gor	1506	17	174	-556.0	52011.0	377	10
Wikipedia	btm	6741	137	2089	-2628.0	22641.0	201	10
Wikipedia	kus	9537	66	1386	0.0	0.0	61	9
Wiktionary	kaa	11086	26	5497	0.0	0.0	1637	9
Wikivoyage	cs	5030	135	693	-5831.0	34333.0	358	9
Wikinews	shn	4687	18	2210	-9977.0	471059.0	492	9
Wikipedia	knc	13261	76	1264	-2801.0	15567.0	379	9
Wikipedia	ppl	3485	99	445	-794.0	36392.0	77	8
Wikipedia	syl	12672	69	2523	-331.0	179003.0	159	8
Wiktionary	guc	1983	50	753	-2406.0	1136.0	193	7
Wikipedia	kge	10992	30	2269	-66393.0	252725.0	1040	7
Wikivoyage	id	18021	140	2504	-4973.0	17564.0	76	7
Wikipedia	grc	23983	310	3755	-3220.0	16148.0	137	7
Wikipedia	lua	907	22	285	-2.0	3056.0	151	6
Wikipedia	rki	7675	47	2502	-1879.0	273154.0	140	6
Wikipedia	mnc	22188	166	2900	-138.0	3033.0	53	6
Wikipedia	bol	1707	45	469	0.0	0.0	57	6
Wikipedia	mjx	128	6	40	-103838.0	368412.0	128	6
Wikipedia	bew	12070	93	2842	0.0	0.0	224	6
Wikipedia	kri	2373	58	1323	0.0	0.0	581	5
Wikivoyage	hbs	3205	37	254	-25846.0	17172.0	57	5
Wikipedia	ddn	256	32	73	0.0	0.0	16	5
Wikipedia	isv	111	5	61	-2509.0	213467.0	110	5
Wiktionary	ary	4620	28	1853	-4756.0	7933.0	126	5
Wikiquote	syl	2449	15	500	-219.0	51470.0	178	5
Wikipedia	sdc	18226	94	2441	-224.0	2361.0	9	5
Wiktionary	syl	3550	19	2003	-46.0	21931.0	87	5
Wikipedia	tdd	2971	37	819	-12954.0	178902.0	164	5
Wikivoyage	syl	3071	20	631	-256.0	51996.0	316	5
Wikibooks	syl	2177	18	419	-836.0	95062.0	119	4
Wikipedia	cnr	12982	148	2064	-263.0	428.0	73	4
Wikiquote	ha	5138	42	903	-1708.0	98581.0	256	4
Wikipedia	rif	3822	121	497	0.0	0.0	15	4
Wikivoyage	diq	8822	91	1903	0.0	129.0	66	4
Wiktionary	bto	682	20	223	0.0	0.0	41	4
Wikipedia	bdr	2448	47	978	-1794.0	222932.0	91	4
Wikibooks	nia	9148	40	2035	-756.0	11339.0	146	4
Wikipedia	khw	27950	262	10022	-211.0	849.0	12	4
Wikipedia	chn	3457	37	341	-64.0	13203.0	574	4
Wikipedia	acm	349	12	123	0.0	0.0	22	4
Wikinews	syl	4737	24	1048	0.0	167703.0	120	4
Wikipedia	vmf	5410	276	395	-328.0	11827.0	5	4
Wikipedia	igl	22505	82	722	0.0	0.0	99	4
Wikipedia	jje	4004	62	951	-1096.0	306.0	4	4
Wikipedia	nit	2150	16	210	0.0	24477.0	83	3
Wikiquote	sh	258	15	74	-799.0	0.0	12	3
Wikipedia	iba	713	24	173	-10792.0	680299.0	106	3
Wikinews	id	1344	76	351	-97.0	5226.0	10	3
Wikipedia	wym	1684	57	229	0.0	0.0	255	3
Wikipedia	jax	764	29	143	-1082.0	34931.0	21	3
Wikipedia	mag	6056	12	2352	-19639.0	1605929.0	1073	3
Wikipedia	ann	2554	41	430	0.0	1394.0	31	3
Wikinews	bn	6557	65	1563	-61565.0	196035.0	319	3
Wikiquote	sw	774	44	508	0.0	128.0	61	3
Wiktionary	tcy	7415	37	2613	0.0	27.0	19	3
Wikipedia	kck	1017	20	396	0.0	0.0	118	3
Wikinews	ka	1887	36	610	0.0	6.0	5	3
Wikipedia	mos	23259	113	1427	0.0	7762.0	32	3
Wikipedia	ojb	838	26	189	-5.0	19.0	33	3
Wikipedia	ryu	10641	209	2978	-24.0	1433.0	4	3
Wikipedia	grt	9	3	3	-68.0	691.0	9	3
Wikivoyage	ar	7894	386	1600	0.0	369.0	22	3
Wikipedia	ekp	10	4	5	-42.0	735.0	8	3
Wikipedia	apc	790	41	149	0.0	1128.0	22	3
Wikipedia	kyu	9	4	4	-19.0	155.0	4	2
Wiktionary	bew	1060	10	466	-31.0	7917.0	147	2
Wikipedia	aln	592	51	130	0.0	0.0	2	2
Wikipedia	qwh	5041	60	807	0.0	58.0	3	2
Wikipedia	sdh	3605	62	929	-4.0	258.0	8	2
Wikivoyage	co	63	7	12	0.0	0.0	4	2
Wikipedia	sro	6671	25	1194	0.0	4808.0	17	2
Wikipedia	dar	2749	66	526	-1108.0	20706.0	16	2
Wikivoyage	kri	31	2	8	0.0	0.0	31	2
Wikibooks	mnw	160	10	101	0.0	0.0	11	2
Wikipedia	luo	122	16	46	-94.0	94.0	2	2
Wikipedia	ojs	37	5	23	0.0	0.0	4	2
Wikipedia	sas	113	15	33	0.0	0.0	3	2
Wikipedia	snk	2	2	2	0.0	0.0	2	2
Wikipedia	csn	12	2	5	0.0	0.0	12	2
Wikivoyage	pa	83	9	38	-2135.0	112060.0	24	2
Wikipedia	yrl	721	41	155	-31.0	411.0	23	2
Wikipedia	ars	7	2	5	0.0	0.0	7	2
Wikipedia	blc	915	14	171	0.0	0.0	144	2
Wikipedia	goh	1297	35	351	0.0	0.0	256	2
Wikivoyage	wym	12	2	3	0.0	0.0	12	2
Wikipedia	kai	731	14	203	0.0	0.0	2	2
Wikibooks	skr	714	29	140	0.0	147.0	4	2
Wiktionary	chy	86	2	60	0.0	611.0	43	2
Wikipedia	arn	4739	135	625	-174.0	4474.0	8	2
Wiktionary	lbe	2	2	2	0.0	0.0	2	2
Wikipedia	suz	2	2	2	0.0	60.0	2	2
Wikipedia	hoc	423	36	114	-15694.0	49550.0	13	2
Wikibooks	gom	6	2	4	0.0	0.0	6	2
Wikiquote	pa	224	20	52	0.0	0.0	3	2
Wikipedia	mh	589	64	124	0.0	0.0	2	2
Wikipedia	mrh	1077	22	366	0.0	0.0	57	2
Wiktionary	ce	30	6	9	-126.0	2399.0	10	2
Wikipedia	nog	9674	66	1126	0.0	0.0	2	2
Wikipedia	bgc	747	17	596	0.0	2373.0	4	2
Wikipedia	fvr	172	8	59	0.0	0.0	5	2
Wikivoyage	ta	817	33	288	0.0	0.0	2	2
Wikibooks	cdo	228	8	78	0.0	0.0	23	2
Wikiquote	ne	3302	29	516	-49.0	15825.0	4	2
Wikiquote	tn	122	10	46	0.0	86.0	4	2
Wiktionary	wym	1016	8	544	-44236.0	1131.0	383	2
Wikipedia	ttt	322	24	108	0.0	1144.0	15	2
Wikiquote	chy	17	8	3	0.0	0.0	4	2
Wikinews	ms	2950	57	753	-8775.0	620035.0	179	2
Wiktionary	ba	4987	47	1537	-8.0	0.0	2	2
Wikipedia	oka	265	13	77	0.0	0.0	2	2
Wikipedia	brh	4582	68	1234	0.0	0.0	3	2
Wikipedia	cia	13	2	8	0.0	0.0	13	2
Wikibooks	as	705	35	198	0.0	6.0	5	2
Wikipedia	wal	1257	15	621	-79.0	4123.0	7	2
Wikipedia	ikt	70	2	50	0.0	0.0	70	2
Wikipedia	yua	9277	194	1277	-23.0	39.0	5	2
Wikiquote	si	1569	15	439	-211.0	6167.0	104	2
Wikipedia	ain	1405	71	181	0.0	153.0	30	2
Wikipedia	krl	9252	171	2023	0.0	0.0	2	2
Wikipedia	lou	190	4	60	0.0	0.0	27	2
Wikipedia	bkm	7	2	1	0.0	0.0	7	2
Wiktionary	sat	10681	41	2136	0.0	2114.0	2	2
Wikivoyage	az	776	32	134	0.0	0.0	2	2
Wikipedia	sla	46	7	1	0.0	47.0	2	2
Wikipedia	cop	9712	96	1707	-2137.0	17555.0	102	2
Wikivoyage	hu	775	35	238	-429.0	0.0	6	2
Wikipedia	jpr	3	2	1	0.0	0.0	3	2
Wikiquote	pnb	6493	54	612	0.0	0.0	3	2
Wiktionary	knc	191	4	43	0.0	332.0	63	2
Wikipedia	pau	228	18	47	0.0	0.0	11	2
Wikipedia	bgn	19483	152	7802	0.0	0.0	5	2
Wikivoyage	th	2528	59	328	-13143.0	43341.0	11	2
Wikibooks	ckb	16	9	4	0.0	0.0	6	2
Wikipedia	xkv	132	11	54	0.0	43.0	11	2
Wikipedia	kiu	5252	93	1102	0.0	0.0	4	2
Wikipedia	kzp	176	8	41	0.0	0.0	10	2
Wikipedia	mak	1547	39	410	-55.0	24.0	3	2
Wikipedia	aoa	7	2	2	0.0	0.0	7	2
Wikipedia	tun	203	12	29	-74.0	191.0	28	2
Wikibooks	bcl	176	10	68	-8989.0	33716.0	16	2
Wikipedia	wls	3606	44	784	-129.0	86.0	6	2
Wikiquote	ckb	260	14	62	0.0	0.0	5	2
Wikinews	cdo	6697	40	1065	0.0	0.0	6	2
Wiktionary	ht	1705	37	557	0.0	0.0	46	2
Wikipedia	bcc	5115	94	1932	0.0	86.0	10	2
Wiktionary	mzn	129	17	69	0.0	0.0	2	2
Wikipedia	qug	8455	70	1325	0.0	89.0	8	2
Wiktionary	tyz	23	2	11	0.0	0.0	12	2
Wikivoyage	ca	1859	74	134	0.0	0.0	4	2
Wikivoyage	ko	3855	146	476	-13.0	983.0	11	2
Wikivoyage	si	942	11	294	-156.0	37318.0	59	2
Wikipedia	isk	19	2	13	-19.0	4069.0	19	2
Wikibooks	mni	491	8	250	-2607.0	18720.0	37	2
Wikibooks	syc	18	5	3	0.0	0.0	2	2
Wikipedia	kum	6707	81	838	0.0	202.0	6	2
Wikipedia	na	53587	1074	2292	-102.0	84.0	4	2
Wiktionary	gil	61	2	44	-31.0	28.0	61	2
Wikipedia	ase	1582	36	361	0.0	0.0	2	2
Wikipedia	cho	980	50	126	0.0	113.0	24	2
Wikibooks	ary	5	2	2	0.0	0.0	5	2
Wikivoyage	yue	391	40	134	0.0	0.0	5	2
Wikinews	si	1175	28	372	-36.0	20089.0	94	2
Wikipedia	mxt	740	35	119	-18.0	0.0	2	2
Wikipedia	arq	26892	725	1329	0.0	42.0	4	2
Wiktionary	lrc	8	2	6	0.0	0.0	8	2
Wikipedia	sli	10570	131	1558	-1.0	7559.0	25	2
Wikipedia	cpx	5893	56	2658	-63.0	0.0	3	2
Wikipedia	gju	54	10	9	-47.0	1506.0	6	2
Wikibooks	ht	25	6	10	0.0	0.0	3	2
Wikipedia	yah	38	12	20	-128.0	121.0	2	2
Wikipedia	kpy	29	7	7	0.0	0.0	3	2
Wikinews	rue	6	2	2	-26.0	162.0	6	2
Wikipedia	aa	287	72	49	0.0	5705.0	40	2
Wikipedia	sip	6	3	2	-5.0	74.0	4	2
Wikivoyage	gu	61	10	19	0.0	0.0	5	2
Wikivoyage	ml	1941	64	257	0.0	0.0	11	2
Wikipedia	tzm	5186	115	832	0.0	156.0	2	2
Wikibooks	rue	5	2	2	-23.0	480.0	5	2
Wikipedia	kjh	12595	116	2805	0.0	49.0	4	2
Wikiquote	grc	409	19	56	0.0	0.0	48	2
Wikipedia	lar	3	2	2	0.0	207.0	3	2
Wikiquote	or	1804	42	266	0.0	0.0	4	2
Wikinews	vi	4541	126	1124	0.0	7162.0	4	2
Wikipedia	bto	5179	63	1898	0.0	2287.0	3	2
Wiktionary	zea	9581	53	3249	-146.0	31847.0	37	2
Wikivoyage	da	2954	64	472	0.0	0.0	2	2
Wikivoyage	la	577	21	95	0.0	52.0	2	2
Wikipedia	wsg	1639	13	181	-624.0	38660.0	229	2
Wikipedia	kio	22	8	6	0.0	0.0	1	1
Wikibooks	yi	101	8	15	0.0	0.0	6	1
Wikiquote	dtp	7	3	3	0.0	0.0	1	1
Wikinews	ee	4	2	1	0.0	0.0	1	1
Wikiquote	nap	49	8	17	0.0	0.0	1	1
Wikipedia	lzz	2442	59	798	0.0	0.0	1	1
Wikinews	nap	87	9	25	0.0	0.0	4	1
Wikiquote	tk	4	3	3	0.0	0.0	2	1
Wikipedia	moh	227	17	45	0.0	0.0	1	1
Wikinews	tr	121	14	52	0.0	44.0	1	1
Wiktionary	ilo	29	7	9	-4954.0	0.0	1	1
Wikipedia	ood	162	13	21	0.0	0.0	1	1
Wikipedia	bci	200	13	28	0.0	0.0	1	1
Wiktionary	nap	812	25	472	0.0	0.0	7	1
Wikipedia	btd	86	23	18	0.0	0.0	1	1
Wiktionary	wuu	71267	36	34414	0.0	7114.0	59	1
Wikipedia	cjs	104	27	35	0.0	0.0	1	1
Wikipedia	tkr	39	17	9	0.0	0.0	1	1
Wikipedia	fkv	2864	52	643	0.0	0.0	3	1
Wikivoyage	sk	1464	33	270	0.0	469.0	11	1
Wikipedia	tsg	633	28	157	0.0	0.0	1	1
Wikipedia	gyn	97	7	15	0.0	0.0	1	1
Wikibooks	ban	8	4	6	0.0	0.0	1	1
Wikipedia	wbl	120	21	53	0.0	21.0	1	1
Wikipedia	ist	117	19	26	0.0	7.0	1	1
Wikipedia	yur	19	5	6	0.0	0.0	1	1
Wikiquote	bjn	2159	33	703	0.0	0.0	1	1
Wikinews	bjn	14	5	9	0.0	0.0	1	1
Wikinews	mni	140	9	40	0.0	0.0	1	1
Wikiquote	sva	4	2	3	0.0	0.0	1	1
Wikipedia	mnp	1037	34	368	-3.0	0.0	2	1
Wikinews	tg	803	18	419	0.0	0.0	1	1
Wiktionary	azb	5184	26	3886	0.0	0.0	1	1
Wikipedia	nd	373	40	84	0.0	43.0	3	1
Wikipedia	akk	36	7	7	0.0	0.0	1	1
Wikipedia	bbc	28	13	3	0.0	0.0	2	1
Wiktionary	mnc	22456	25	7695	0.0	0.0	8	1
Wikipedia	pst	17	7	1	0.0	0.0	1	1
Wikipedia	bph	10	5	4	0.0	0.0	1	1
Wiktionary	tay	19	5	12	0.0	0.0	5	1
Wikipedia	chp	28	9	7	0.0	0.0	1	1
Wikivoyage	bg	492	26	127	0.0	86.0	2	1
Wikivoyage	kjh	3	1	3	0.0	0.0	3	1
Wikipedia	tig	330	6	79	0.0	0.0	4	1
Wikipedia	ett	10	5	1	0.0	0.0	1	1
Wikipedia	gvr	20	8	6	0.0	21.0	1	1
Wikibooks	arz	38	8	5	0.0	0.0	1	1
Wikipedia	vmw	3098	104	1011	-1146.0	0.0	10	1
Wikipedia	ii	2799	75	911	-17.0	0.0	3	1
Wikibooks	mh	1	1	1	-500.0	0.0	1	1
Wikiquote	av	38	10	12	0.0	0.0	2	1
Wikipedia	ksk	26	9	7	0.0	0.0	1	1
Wikinews	bcc	39	10	18	0.0	0.0	1	1
Wikiquote	mk	22	4	5	0.0	0.0	1	1
Wikipedia	ltc	8	6	1	0.0	0.0	1	1
Wikinews	km	3	2	1	0.0	0.0	1	1
Wikipedia	mjy	73	5	18	0.0	0.0	1	1
Wikinews	skr	222	20	76	0.0	352.0	1	1
Wiktionary	arn	338	14	51	-904.0	3954.0	27	1
Wikipedia	myr	9	3	3	0.0	0.0	3	1
Wikipedia	aii	61	10	12	0.0	0.0	1	1
Wiktionary	egl	701	15	341	0.0	0.0	1	1
Wikipedia	oac	23	8	8	0.0	0.0	1	1
Wikipedia	phr	246	18	63	-20.0	985.0	59	1
Wiktionary	shi	1567	22	507	0.0	451.0	1	1
Wikipedia	chb	483	9	69	0.0	327.0	34	1
Wikivoyage	ba	416	15	54	0.0	0.0	1	1
Wikipedia	slr	1340	79	418	0.0	86.0	2	1
Wikipedia	crd	61	11	12	0.0	0.0	1	1
Wikipedia	tab	99	32	16	0.0	0.0	1	1
Wikipedia	ess	223	38	76	0.0	0.0	1	1
Wikivoyage	mr	808	23	136	-111.0	0.0	2	1
Wikibooks	agx	1	1	1	0.0	0.0	1	1
Wikipedia	unm	105	13	28	0.0	0.0	1	1
Wikibooks	khw	17	7	10	0.0	0.0	4	1
Wikipedia	yai	902	48	270	0.0	8294.0	19	1
Wikinews	arz	2	2	2	0.0	0.0	1	1
Wikiquote	kge	54	3	20	0.0	0.0	7	1
Wikipedia	lkt	1466	67	321	0.0	0.0	1	1
Wikiquote	rw	18	6	6	0.0	0.0	1	1
Wikipedia	mjd	103	11	18	0.0	0.0	1	1
Wikinews	sah	135	8	31	0.0	0.0	1	1
Wiktionary	aer	72	1	30	0.0	0.0	36	1
Wikipedia	mvf	643	43	106	0.0	26846.0	2	1
Wikipedia	aae	1361	14	369	-16.0	251.0	12	1
Wikipedia	nxq	4	2	2	0.0	0.0	1	1
Wikipedia	pcc	34	13	8	-117.0	998.0	3	1
Wikipedia	bhh	109	12	32	-17.0	22635.0	11	1
Wiktionary	rut	2	1	1	0.0	0.0	2	1
Wikipedia	rmc	7041	35	1718	0.0	0.0	2	1
Wikipedia	bzj	746	18	242	0.0	0.0	8	1
Wikivoyage	as	13	5	4	0.0	0.0	2	1
Wikipedia	sjd	1578	51	305	-7.0	24993.0	4	1
Wikipedia	elm	26	7	8	0.0	0.0	1	1
Wikivoyage	mn	75	8	16	0.0	0.0	5	1
Wikipedia	gdo	218	19	72	0.0	0.0	7	1
Wikivoyage	ur	809	25	284	0.0	0.0	2	1
Wikipedia	udi	51	23	8	0.0	0.0	1	1
Wikipedia	xpq	187	11	38	0.0	0.0	1	1
Wikipedia	jpn	82	21	2	0.0	0.0	1	1
Wikibooks	sat	30	6	12	0.0	0.0	1	1
Wikiquote	an	76	13	36	0.0	0.0	1	1
Wikipedia	kjj	618	26	110	0.0	0.0	1	1
Wikinews	am	21	7	3	0.0	0.0	2	1
Wikipedia	lif	141	21	20	0.0	25.0	1	1
Wikinews	hnd	14	5	4	0.0	0.0	1	1
Wikinews	or	92	8	31	0.0	0.0	5	1
Wikiquote	xmf	89	6	36	0.0	43.0	3	1
Wikinews	wuu	60	9	18	0.0	0.0	1	1
Wikipedia	apj	30	8	7	0.0	0.0	1	1
Wiktionary	ki	67	7	42	0.0	0.0	1	1
Wikipedia	pal	8	4	1	0.0	0.0	1	1
Wiktionary	rad	14	1	10	0.0	0.0	14	1
Wikipedia	bts	8	4	3	0.0	0.0	1	1
Wiktionary	zgh	1033	16	149	0.0	0.0	4	1
Wikipedia	sgy	6	1	5	0.0	402.0	6	1
Wikipedia	cku	45	9	11	0.0	0.0	1	1
Wikipedia	sto	24	6	7	0.0	0.0	1	1
Wikivoyage	lt	90	13	22	0.0	0.0	9	1
Wikipedia	tvx	6050	12	1403	-78.0	0.0	1	1
Wikipedia	hil	8217	77	2143	0.0	44.0	1	1
Wikibooks	or	308	15	6	0.0	0.0	2	1
Wikipedia	zza	28	11	1	0.0	0.0	1	1
Wikipedia	kip	1420	18	158	0.0	21.0	1	1
Wikibooks	yo	7	4	5	0.0	0.0	1	1
Wikiquote	fat	1	1	1	0.0	123.0	1	1
Wikipedia	kzg	14	8	5	0.0	0.0	1	1
Wikinews	fur	6	3	3	0.0	0.0	3	1
Wikinews	ne	853	26	194	0.0	0.0	2	1
Wikipedia	mor	1	1	1	0.0	0.0	1	1
Wikinews	ur	8886	32	4007	-36.0	0.0	1	1
Wikipedia	niv	59	24	8	0.0	0.0	1	1
Wikipedia	osi	929	79	269	0.0	0.0	1	1
Wiktionary	ota	31	12	10	0.0	0.0	5	1
Wikipedia	qxq	171	27	52	0.0	0.0	1	1
Wikipedia	btj	3	2	1	0.0	0.0	1	1
Wikipedia	sel	519	30	140	0.0	0.0	17	1
Wikipedia	cjy	303	22	150	0.0	0.0	2	1
Wikipedia	ssf	3118	57	1450	-25.0	0.0	1	1
Wikivoyage	ku	43	11	9	0.0	0.0	1	1
Wikipedia	tli	119	7	55	0.0	0.0	2	1
Wikipedia	fla	311	18	38	0.0	0.0	1	1
Wikivoyage	sq	85	13	19	0.0	0.0	27	1
Wikipedia	haa	6	2	5	0.0	2188.0	1	1
Wikibooks	bcc	14	6	5	0.0	0.0	1	1
Wikipedia	wep	32	10	14	0.0	0.0	2	1
Wikipedia	zai	205	24	43	0.0	0.0	1	1
Wikibooks	uz	35	16	14	0.0	0.0	1	1
Wikipedia	kut	214	7	52	0.0	0.0	1	1
Wikiquote	mt	11	3	11	0.0	0.0	2	1
Wikipedia	lus	3669	81	755	0.0	899.0	1	1
Wikipedia	mns	694	32	130	0.0	0.0	1	1
Wikinews	th	1206	46	450	0.0	0.0	11	1
Wikipedia	nia	10	6	1	0.0	0.0	2	1
Wikipedia	akz	13852	50	2644	0.0	0.0	1	1
Wiktionary	haw	1206	14	470	0.0	0.0	1	1
Wikipedia	bca	1449	7	900	0.0	0.0	1	1
Wiktionary	mus	65	2	60	-24.0	7226.0	56	1
Wikipedia	pzh	2808	21	563	0.0	0.0	2	1
Wikipedia	saz	51	19	15	0.0	21.0	1	1
Wikivoyage	bxr	4	2	2	0.0	0.0	2	1
Wikipedia	srb	15	6	7	0.0	21.0	1	1
Wikipedia	ctc	120	15	23	0.0	0.0	1	1
Wikivoyage	kk	57	8	19	0.0	4.0	1	1
Wikipedia	tin	33	20	9	0.0	0.0	1	1
Wikipedia	eve	83	17	8	0.0	0.0	1	1
Wikivoyage	ryu	308	15	110	0.0	0.0	3	1
Wikipedia	tmz	8	3	1	0.0	0.0	1	1
Wikipedia	gwc	15	8	5	0.0	0.0	1	1
Wikibooks	mnc	114	7	38	0.0	0.0	9	1
Wikiquote	azb	686	17	294	0.0	0.0	6	1
Wikipedia	ksw	1239	28	364	0.0	0.0	2	1
Wikinews	be	806	20	393	0.0	0.0	7	1
Wikiquote	mnc	65	6	15	0.0	0.0	1	1
Wikinews	ky	29	10	7	0.0	0.0	3	1
Wikipedia	mkn	534	18	180	0.0	0.0	1	1
Wikinews	sva	2	2	1	0.0	0.0	1	1
Wikipedia	mzs	216	12	87	0.0	0.0	1	1
Wiktionary	gcf	190	10	90	0.0	0.0	3	1
Wikipedia	oj	14	5	2	0.0	0.0	1	1
Wikipedia	asb	136	10	27	0.0	0.0	1	1
Wiktionary	mag	38	2	18	0.0	0.0	12	1
Wikipedia	bno	12	4	8	0.0	0.0	4	1
Wiktionary	sn	2786	7	1528	-1306.0	56353.0	69	1
Wikipedia	rut	101	25	14	0.0	0.0	1	1
Wikivoyage	bcl	42	8	19	0.0	0.0	5	1
Wikipedia	smj	266	19	66	-2.0	0.0	2	1
Wikipedia	crg	91	12	22	0.0	0.0	1	1
Wikivoyage	kaa	1	1	1	-37.0	0.0	1	1
Wikipedia	taj	287	20	100	0.0	21.0	1	1
Wikipedia	est	8	4	1	0.0	0.0	2	1
Wikivoyage	ms	276	21	88	0.0	0.0	1	1
Wikibooks	am	12	5	5	0.0	0.0	4	1
Wikivoyage	yi	16	4	5	0.0	0.0	2	1
Wikipedia	vai	180	16	70	-92.0	12726.0	6	1
Wikipedia	ibb	971	29	203	0.0	0.0	2	1
Wikibooks	lad	728	17	353	0.0	21.0	7	1
Wikipedia	yaq	50	10	10	0.0	0.0	1	1
Wikibooks	snd	2	1	2	0.0	0.0	2	1
Wikinews	az	7436	82	2174	0.0	47.0	8	1
Wikiquote	khw	42	8	16	0.0	0.0	6	1
Wikiquote	scn	11	5	4	0.0	0.0	1	1
Wikipedia	mjw	13	3	4	0.0	21.0	1	1
Wiktionary	alu	1	1	1	0.0	0.0	1	1
Wikipedia	mwv	139	21	27	0.0	0.0	1	1
Wiktionary	den	412	8	172	0.0	0.0	1	1
Wikipedia	nys	13317	132	797	-3.0	3.0	14	1
Wikipedia	arp	96	13	26	0.0	0.0	1	1
Wiktionary	lfn	546	12	130	0.0	0.0	1	1
Wikipedia	pdt	1791	61	322	0.0	0.0	4	1
Wikipedia	rmq	40	5	8	-97.0	5915.0	24	1
Wikipedia	sxu	177	33	31	0.0	0.0	3	1
Wikipedia	enf	631	26	195	0.0	0.0	1	1
Wikivoyage	mnc	7	4	1	0.0	0.0	1	1
Wikipedia	gil	337	24	61	0.0	23.0	1	1
Wikivoyage	uz	188	18	60	0.0	0.0	1	1
Wikipedia	ulc	42	9	6	0.0	0.0	1	1
Wikipedia	hrx	2723	36	391	0.0	0.0	3	1
Wikibooks	ha	40	19	13	0.0	0.0	1	1
Wikipedia	xsr	9	3	3	0.0	21.0	1	1
Wikibooks	scn	4	3	2	0.0	0.0	2	1
Wikiquote	ary	2	2	2	0.0	0.0	1	1
Wikinews	ang	145	18	36	0.0	0.0	1	1
Wikiquote	jv	265	15	171	0.0	0.0	1	1
Wikipedia	liv	10055	117	1092	0.0	0.0	1	1
Wikinews	hr	268	17	78	0.0	0.0	1	1
Wikipedia	mic	1565	32	295	0.0	0.0	1	1
Wikinews	ppl	1926	29	226	0.0	0.0	2	1
Wikiquote	yue	1266	40	427	0.0	11.0	5	1
Wikipedia	mui	1651	41	244	-4.0	15.0	2	1
Wikinews	yue	641	36	180	0.0	0.0	1	1
Wiktionary	chn	6	3	2	0.0	0.0	1	1
Wikipedia	apw	45	7	8	0.0	0.0	1	1
Wiktionary	rgn	38	8	15	0.0	0.0	1	1
Wikipedia	btx	39	18	11	0.0	0.0	1	1
Wikivoyage	af	139	6	80	0.0	0.0	1	1
Wikipedia	shh	368	11	75	0.0	0.0	1	1
Wikipedia	clw	72	29	12	0.0	0.0	1	1
Wikivoyage	fit	8	3	3	0.0	0.0	1	1
Wikipedia	str	27	7	7	0.0	0.0	1	1
Wikipedia	efi	2878	21	158	0.0	0.0	2	1
Wikivoyage	lv	1375	29	319	0.0	0.0	1	1
Wikipedia	gay	76	21	12	0.0	0.0	1	1
Wikipedia	tyz	197	5	43	-64.0	67.0	10	1
Wikipedia	hne	60	16	25	0.0	21.0	1	1
Wikipedia	jdt	116	26	37	0.0	0.0	5	1
Wikibooks	pnb	23	9	9	0.0	0.0	1	1
Wikiquote	aa	4	1	3	0.0	0.0	4	1
Wikinews	ace	45	4	10	0.0	0.0	1	1
Wikinews	gv	5	2	1	0.0	0.0	4	1
Wikiquote	olo	1	1	1	-24.0	0.0	1	1
Wikinews	nia	232	8	70	0.0	0.0	7	1
Wikiquote	tt	2224	38	342	-83.0	3171.0	6	1
Wikinews	uz	100	11	44	0.0	0.0	12	1
Wiktionary	cbk	330	7	109	0.0	0.0	2	1
Wikipedia	njo	165	19	14	0.0	21.0	1	1
Wiktionary	kab	1208	36	461	-3.0	3.0	3	1
Wikipedia	otk	11	5	1	0.0	0.0	1	1
Wikipedia	ber	20	10	1	0.0	0.0	5	1
Wiktionary	pms	9608	32	2755	0.0	665.0	3	1
Wikipedia	rad	137	2	26	-17.0	265.0	22	1
Wiktionary	xkv	4	2	1	0.0	0.0	3	1
Wikipedia	ses	33	7	17	0.0	0.0	1	1
Wikipedia	ckm	1	1	1	0.0	0.0	1	1
Wikivoyage	cy	131	14	25	0.0	0.0	1	1
Wikipedia	std	1	1	1	0.0	0.0	1	1
Wikipedia	dje	3	2	2	0.0	0.0	2	1
Wikivoyage	ky	55	8	12	0.0	0.0	6	1
Wikipedia	tmh	6	4	1	0.0	0.0	1	1
Wikipedia	frc	716	54	163	0.0	0.0	1	1
Wikivoyage	su	86	8	35	0.0	0.0	3	1
Wikipedia	hac	384	28	121	0.0	0.0	8	1
Wikipedia	izh	329	43	19	-2.0	4.0	5	1
Wikibooks	olo	1	1	1	-24.0	0.0	1	1
Wikipedia	zmi	22	4	5	0.0	0.0	1	1
Wikipedia	kib	1	1	1	0.0	0.0	1	1
Wikibooks	wuu	121	18	31	0.0	0.0	2	1
Wikipedia	kyh	37	6	19	0.0	0.0	1	1
Wikiquote	my	337	12	114	0.0	0.0	2	1
Wikipedia	lut	62	4	17	0.0	0.0	1	1
Wikinews	myv	34	5	13	0.0	0.0	4	1
Wikipedia	moe	224	13	46	0.0	0.0	1	1
Wikinews	tl	470	29	94	0.0	0.0	1	1
Wiktionary	ban	2720	52	1003	0.0	1090.0	10	1
Wikipedia	niq	387	9	127	0.0	0.0	3	1
Wikipedia	ale	419	19	75	0.0	0.0	1	1
Wikipedia	oma	65	7	17	0.0	0.0	1	1
Wikipedia	brx	1705	42	613	0.0	0.0	1	1
Wikipedia	cic	57	9	17	0.0	0.0	1	1
Wikipedia	srh	34	6	13	0.0	0.0	7	1
Wikipedia	czh	17	7	9	-6620.0	250.0	2	1
Wikipedia	tkl	395	35	126	0.0	0.0	1	1
Wikipedia	fit	10866	85	1840	0.0	0.0	2	1
Wikipedia	trw	43	8	14	0.0	21.0	1	1
Wikipedia	gwi	97	6	21	0.0	0.0	1	1
Wikibooks	bal	20	8	5	0.0	0.0	2	1
Wikipedia	was	74	14	17	0.0	0.0	1	1
Wikipedia	yuc	16	7	5	0.0	0.0	1	1
Wikiquote	ba	862	22	38	0.0	0.0	3	1
Wikinews	bgn	12	5	5	0.0	0.0	2	1
Wikiquote	mni	48	8	10	0.0	0.0	5	1
Wikipedia	lue	1	1	1	0.0	90.0	1	1
Wikinews	lv	10	3	6	0.0	0.0	3	1
Wikiquote	sn	132	3	50	-36.0	8610.0	14	1
Wiktionary	av	72	15	24	0.0	0.0	1	1
Wikipedia	akb	43	16	7	0.0	0.0	1	1
Wiktionary	mh	1573	7	672	0.0	312.0	13	1
Wikipedia	pse	121	36	53	0.0	45.0	1	1
Wikivoyage	be	399	30	95	0.0	0.0	2	1
Wikipedia	snd	12	5	1	0.0	0.0	1	1
Wikipedia	crx	1	1	1	0.0	0.0	1	1
Wikivoyage	ki	8	3	3	0.0	0.0	6	1
Wikipedia	esu	1486	34	313	0.0	0.0	1	1
Wikivoyage	ne	215	18	42	0.0	569.0	2	1
Wikibooks	mai	7	3	1	0.0	0.0	4	1
Wikipedia	yrk	850	67	138	0.0	26.0	1	1
Wikipedia	kfb	6	3	2	0.0	0.0	3	1
Wikiquote	ast	257	26	42	0.0	0.0	5	1
Wikipedia	kru	16	3	6	0.0	21.0	1	1
Wikinews	azb	323	16	104	0.0	47.0	4	1
Wikiquote	knc	17	4	1	0.0	0.0	2	1
Wikipedia	lrc	227	21	89	0.0	0.0	1	1
Wikinews	kaa	275	7	113	0.0	9.0	2	1
Wikiquote	sd	30	9	9	0.0	0.0	2	1
Wiktionary	aqc	1	1	1	0.0	0.0	1	1
Wikipedia	agx	53	26	11	0.0	0.0	1	1
Wiktionary	dng	1	1	1	0.0	0.0	1	1
Wikipedia	oaa	475	17	65	0.0	0.0	1	1
Wikipedia	pey	261	6	60	0.0	0.0	14	1
Wikipedia	bla	370	13	72	0.0	0.0	1	1
Wiktionary	sgh	2	1	1	-394.0	24.0	2	1
Wikipedia	rop	36	8	16	0.0	0.0	1	1
Wikipedia	ccp	145	22	33	-173.0	2289.0	2	1
Wikivoyage	azb	1621	24	733	0.0	0.0	6	1
Wikivoyage	hy	627	56	160	0.0	50.0	3	1
Wikipedia	enm	876	58	2	0.0	0.0	2	1
Wikivoyage	mni	34	10	11	0.0	0.0	1	1
Wikivoyage	wuu	466	21	78	0.0	0.0	1	1
Wikipedia	uln	45	8	10	0.0	0.0	2	1
Wikipedia	hsn	838	61	143	0.0	43.0	1	1
Wikipedia	jra	1	1	1	-19.0	0.0	1	1
Wikibooks	sd	67	13	15	0.0	0.0	2	1
Wikinews	anp	144	10	70	0.0	0.0	3	1
Wikiquote	kaa	4	3	3	0.0	0.0	1	1
Wikipedia	lki	7079	67	3259	0.0	0.0	4	1
Wikinews	hu	7478	160	1150	0.0	0.0	1	1
Wikiquote	ps	368	30	147	0.0	0.0	4	1
Wikipedia	mis	11	3	1	0.0	0.0	1	1
Wiktionary	ace	45	15	10	0.0	0.0	1	1
Wikipedia	mus	157	33	29	0.0	1496.0	4	1
Wiktionary	cho	2	1	2	0.0	0.0	2	1
Wikipedia	aqc	4	2	3	0.0	1494.0	1	1
Wiktionary	kri	24	2	13	0.0	0.0	8	1
Wikipedia	paw	63	7	16	0.0	0.0	1	1
Wikipedia	bhb	7	4	3	0.0	21.0	1	1
Wiktionary	rm	24	6	16	0.0	0.0	2	1
Wikipedia	rkt	1721	11	529	0.0	0.0	59	1
Wikipedia	btz	146	23	26	0.0	0.0	1	1
Wikipedia	cmn	65	27	3	0.0	0.0	1	1
Wikipedia	surzh	99	18	1	0.0	0.0	1	1
Wikipedia	gcf	145	23	31	0.0	0.0	3	1
Wikivoyage	tt	310	18	106	0.0	0.0	4	1
Wikipedia	ho	134	29	54	0.0	0.0	1	1
Wikibooks	ga	11	6	3	-520.0	252.0	1	1
Wikipedia	xmm	457	26	126	0.0	0.0	2	1
Wikiquote	ain	11	4	3	0.0	0.0	3	1
Wikinews	af	301	17	134	0.0	0.0	1	1
Wikinews	hi	1092	53	270	0.0	0.0	2	1
Wikipedia	mgp	70	9	9	0.0	21.0	1	1
Wikinews	om	15	3	3	0.0	0.0	11	1
Wikiquote	wuu	33	10	10	0.0	0.0	1	1
Wikipedia	mqm	1	1	1	0.0	0.0	1	1
Wiktionary	cdo	1082	11	417	0.0	0.0	141	1
Wikipedia	nod	3490	56	615	-78.0	5616.0	5	1
Wiktionary	kge	88	5	27	0.0	0.0	14	1
Wikipedia	otq	12	6	7	0.0	0.0	2	1
Wiktionary	pwn	261	14	97	0.0	0.0	1	1
Wikipedia	rej	731	44	155	0.0	0.0	1	1
Wikipedia	sgh	289	31	95	0.0	343.0	8	1
Wikipedia	ckt	2804	75	577	0.0	0.0	2	1
Wikipedia	stl	56	6	29	0.0	0.0	1	1
Wikipedia	dng	517	54	141	-425.0	248.0	10	1
Wikipedia	tmr	891	26	153	0.0	0.0	10	1
Wikipedia	frs	1153	13	195	0.0	0.0	2	1
Wikipedia	tuq	39	4	8	0.0	0.0	3	1
Wikipedia	har	1	1	1	0.0	0.0	1	1
Wikibooks	bhi	6	4	3	0.0	0.0	1	1
Wikipedia	jat	412	7	125	0.0	0.0	2	1
Wikibooks	om	33	6	8	0.0	0.0	5	1
Wikipedia	zun	19	11	7	0.0	0.0	1	1
